campaign_id,campaign_name,type,quarter,region,start_date,end_date,spend
CMP-100,FY26-Q2_EVT_NA_Industry-Forum,EVT,FY26-Q2,NA,2025-12-25,2026-01-06,40800
CMP-101,FY26-Q2_EVT_GLOBAL_Annual-Summit,EVT,FY26-Q2,GLOBAL,2025-12-31,2026-01-11,44600
CMP-102,FY26-Q2_WBN_GLOBAL_Best-Practices-Live,WBN,FY26-Q2,GLOBAL,2025-12-18,2026-01-02,4800
CMP-103,FY26-Q2_WBN_GLOBAL_Product-Launch,WBN,FY26-Q2,GLOBAL,2025-12-17,2026-01-15,3400
CMP-104,FY26-Q2_CNT_GLOBAL_Benchmark-Report,CNT,FY26-Q2,GLOBAL,2025-12-14,2026-03-28,5500
CMP-105,FY26-Q2_CNT_GLOBAL_Buyers-Guide,CNT,FY26-Q2,GLOBAL,2025-12-15,2026-03-31,5900
CMP-106,FY26-Q2_PAID_GLOBAL_LinkedIn-Enterprise,PAID,FY26-Q2,GLOBAL,2025-12-17,2026-03-29,19600
CMP-107,FY26-Q2_PAID_GLOBAL_Retargeting-Core,PAID,FY26-Q2,GLOBAL,2025-12-23,2026-03-29,27800
CMP-108,FY26-Q2_OUT_GLOBAL_Signal-Trigger,OUT,FY26-Q2,GLOBAL,2025-12-18,2026-03-31,4900
CMP-109,FY26-Q2_OUT_GLOBAL_Job-Change-Trigger,OUT,FY26-Q2,GLOBAL,2025-12-17,2026-03-31,5400
CMP-110,FY26-Q2_PRT_GLOBAL_Partner-Referral,PRT,FY26-Q2,GLOBAL,2025-12-16,2026-03-26,0
CMP-111,FY26-Q2_WEB_GLOBAL_Demo-Request,WEB,FY26-Q2,GLOBAL,2025-12-16,2026-03-31,0
CMP-112,FY26-Q2_WEB_GLOBAL_Website-Chat,WEB,FY26-Q2,GLOBAL,2025-12-26,2026-03-31,0
CMP-113,FY26-Q3_EVT_NA_Industry-Forum,EVT,FY26-Q3,NA,2026-03-21,2026-03-31,53300
CMP-114,FY26-Q3_EVT_GLOBAL_Annual-Summit,EVT,FY26-Q3,GLOBAL,2026-03-14,2026-03-31,49300
CMP-115,FY26-Q3_WBN_GLOBAL_Best-Practices-Live,WBN,FY26-Q3,GLOBAL,2026-03-19,2026-04-02,2100
CMP-116,Product Launch Q3,WBN,FY26-Q3,GLOBAL,2026-03-17,2026-03-30,4900
CMP-117,Benchmark Report Q3,CNT,FY26-Q3,GLOBAL,2026-03-14,2026-06-30,7800
CMP-118,FY26-Q3_CNT_GLOBAL_Buyers-Guide,CNT,FY26-Q3,GLOBAL,2026-03-29,2026-06-30,6300
CMP-119,LinkedIn Enterprise Q3,PAID,FY26-Q3,GLOBAL,2026-03-19,2026-06-28,30400
CMP-120,FY26-Q3_PAID_GLOBAL_Retargeting-Core,PAID,FY26-Q3,GLOBAL,2026-03-09,2026-06-30,18900
CMP-121,FY26-Q3_OUT_GLOBAL_Signal-Trigger,OUT,FY26-Q3,GLOBAL,2026-03-11,2026-06-29,3000
CMP-122,FY26-Q3_OUT_GLOBAL_Job-Change-Trigger,OUT,FY26-Q3,GLOBAL,2026-03-04,2026-06-30,4600
CMP-123,FY26-Q3_PRT_GLOBAL_Partner-Referral,PRT,FY26-Q3,GLOBAL,2026-03-17,2026-06-29,0
CMP-124,FY26-Q3_WEB_GLOBAL_Demo-Request,WEB,FY26-Q3,GLOBAL,2026-03-03,2026-06-27,0
CMP-125,FY26-Q3_WEB_GLOBAL_Website-Chat,WEB,FY26-Q3,GLOBAL,2026-03-16,2026-06-28,0
CMP-126,FY26-Q4_EVT_NA_Industry-Forum,EVT,FY26-Q4,NA,2026-06-07,2026-06-30,26100
CMP-127,FY26-Q4_EVT_GLOBAL_Annual-Summit,EVT,FY26-Q4,GLOBAL,2026-06-18,2026-06-30,41200
CMP-128,FY26-Q4_WBN_GLOBAL_Best-Practices-Live,WBN,FY26-Q4,GLOBAL,2026-06-13,2026-07-01,3300
CMP-129,FY26-Q4_WBN_GLOBAL_Product-Launch,WBN,FY26-Q4,GLOBAL,2026-06-11,2026-06-30,4500
CMP-130,FY26-Q4_CNT_GLOBAL_Benchmark-Report,CNT,FY26-Q4,GLOBAL,2026-06-20,2026-09-30,5600
CMP-131,FY26-Q4_CNT_GLOBAL_Buyers-Guide,CNT,FY26-Q4,GLOBAL,2026-06-06,2026-09-30,6200
CMP-132,FY26-Q4_PAID_GLOBAL_LinkedIn-Enterprise,PAID,FY26-Q4,GLOBAL,2026-06-13,2026-09-30,27500
CMP-133,FY26-Q4_PAID_GLOBAL_Retargeting-Core,PAID,FY26-Q4,GLOBAL,2026-06-11,2026-09-30,31600
CMP-134,FY26-Q4_OUT_GLOBAL_Signal-Trigger,OUT,FY26-Q4,GLOBAL,2026-06-14,2026-09-30,4400
CMP-135,FY26-Q4_OUT_GLOBAL_Job-Change-Trigger,OUT,FY26-Q4,GLOBAL,2026-06-07,2026-09-30,3800
CMP-136,FY26-Q4_PRT_GLOBAL_Partner-Referral,PRT,FY26-Q4,GLOBAL,2026-06-08,2026-09-28,0
CMP-137,FY26-Q4_WEB_GLOBAL_Demo-Request,WEB,FY26-Q4,GLOBAL,2026-06-23,2026-09-30,0
CMP-138,FY26-Q4_WEB_GLOBAL_Website-Chat,WEB,FY26-Q4,GLOBAL,2026-06-17,2026-09-23,0
