quarter,week,snapshot_date,region,commit,best_case,pipeline,actual_closed_won
FY26-Q2,1,2026-01-01,NA,61443,85728,136086,84000
FY26-Q2,2,2026-01-08,NA,63686,78356,159583,84000
FY26-Q2,3,2026-01-15,NA,73849,104624,184753,84000
FY26-Q2,4,2026-01-22,NA,77729,105090,194045,84000
FY26-Q2,5,2026-01-29,NA,67170,93132,226449,84000
FY26-Q2,6,2026-02-05,NA,78443,105888,187143,84000
FY26-Q2,7,2026-02-12,NA,73111,87814,166678,84000
FY26-Q2,8,2026-02-19,NA,73815,94068,220180,84000
FY26-Q2,9,2026-02-26,NA,72217,93863,231680,84000
FY26-Q2,10,2026-03-05,NA,72664,100357,242168,84000
FY26-Q2,11,2026-03-12,NA,77086,105070,190573,84000
FY26-Q2,12,2026-03-19,NA,76316,92223,193926,84000
FY26-Q2,13,2026-03-26,NA,77280,98542,171563,84000
FY26-Q2,1,2026-01-01,EMEA,96972,128890,280239,100000
FY26-Q2,2,2026-01-08,EMEA,90545,127751,250276,100000
FY26-Q2,3,2026-01-15,EMEA,118245,142875,347107,100000
FY26-Q2,4,2026-01-22,EMEA,95231,130262,243464,100000
FY26-Q2,5,2026-01-29,EMEA,105650,146386,317011,100000
FY26-Q2,6,2026-02-05,EMEA,102383,123150,301550,100000
FY26-Q2,7,2026-02-12,EMEA,100803,138842,240073,100000
FY26-Q2,8,2026-02-19,EMEA,102959,144957,230338,100000
FY26-Q2,9,2026-02-26,EMEA,107193,153621,363599,100000
FY26-Q2,10,2026-03-05,EMEA,102384,125480,341138,100000
FY26-Q2,11,2026-03-12,EMEA,111804,149781,329210,100000
FY26-Q2,12,2026-03-19,EMEA,112528,161482,359273,100000
FY26-Q2,13,2026-03-26,EMEA,112000,149665,377141,100000
FY26-Q3,1,2026-04-01,NA,765237,1082296,2052947,878000
FY26-Q3,2,2026-04-08,NA,605204,746173,1334582,878000
FY26-Q3,3,2026-04-15,NA,652754,885779,1438235,878000
FY26-Q3,4,2026-04-22,NA,746257,1010374,2008066,878000
FY26-Q3,5,2026-04-29,NA,806326,1034760,2238645,878000
FY26-Q3,6,2026-05-06,NA,727632,1010989,2169773,878000
FY26-Q3,7,2026-05-13,NA,745338,948514,2396973,878000
FY26-Q3,8,2026-05-20,NA,660668,843941,2084067,878000
FY26-Q3,9,2026-05-27,NA,766273,1055698,1978199,878000
FY26-Q3,10,2026-06-03,NA,801981,1155729,2396304,878000
FY26-Q3,11,2026-06-10,NA,767858,1084681,1778606,878000
FY26-Q3,12,2026-06-17,NA,801032,971618,2233462,878000
FY26-Q3,13,2026-06-24,NA,807760,1069540,2717965,878000
FY26-Q3,1,2026-04-01,EMEA,49179,59778,132923,47000
FY26-Q3,2,2026-04-08,EMEA,47220,58781,106433,47000
FY26-Q3,3,2026-04-15,EMEA,40218,55250,128700,47000
FY26-Q3,4,2026-04-22,EMEA,47717,65876,138806,47000
FY26-Q3,5,2026-04-29,EMEA,43851,58274,106648,47000
FY26-Q3,6,2026-05-06,EMEA,47033,65044,149209,47000
FY26-Q3,7,2026-05-13,EMEA,49913,70524,128407,47000
FY26-Q3,8,2026-05-20,EMEA,51054,69037,160091,47000
FY26-Q3,9,2026-05-27,EMEA,49316,65262,110014,47000
FY26-Q3,10,2026-06-03,EMEA,51058,72324,159780,47000
FY26-Q3,11,2026-06-10,EMEA,50447,64512,114962,47000
FY26-Q3,12,2026-06-17,EMEA,52159,73505,140636,47000
FY26-Q3,13,2026-06-24,EMEA,52640,64171,163629,47000
FY26-Q3,1,2026-04-01,LATAM,129355,156330,427223,131000
FY26-Q3,2,2026-04-08,LATAM,122860,164552,385474,131000
FY26-Q3,3,2026-04-15,LATAM,109443,137868,327113,131000
FY26-Q3,4,2026-04-22,LATAM,128843,182437,375153,131000
FY26-Q3,5,2026-04-29,LATAM,128427,160296,321961,131000
FY26-Q3,6,2026-05-06,LATAM,125587,169700,287349,131000
FY26-Q3,7,2026-05-13,LATAM,125586,161514,358365,131000
FY26-Q3,8,2026-05-20,LATAM,117321,143104,361810,131000
FY26-Q3,9,2026-05-27,LATAM,134580,176700,339882,131000
FY26-Q3,10,2026-06-03,LATAM,131639,184320,351593,131000
FY26-Q3,11,2026-06-10,LATAM,126062,154960,337599,131000
FY26-Q3,12,2026-06-17,LATAM,131005,178384,417319,131000
FY26-Q3,13,2026-06-24,LATAM,131000,176451,428463,131000
FY26-Q4,1,2026-07-01,NA,859727,1203867,2630928,1060000
FY26-Q4,2,2026-07-08,NA,830278,1108333,2807714,1060000
FY26-Q4,3,2026-07-15,NA,952531,1379851,2379778,1060000
FY26-Q4,4,2026-07-22,NA,1008711,1248182,2317737,1060000
FY26-Q4,5,2026-07-29,NA,840019,1121347,2534479,1060000
FY26-Q4,6,2026-08-05,NA,848323,1051988,2822988,1060000
FY26-Q4,7,2026-08-12,NA,885100,1223957,2200586,1060000
FY26-Q4,8,2026-08-19,NA,861787,1153649,2603797,1060000
FY26-Q4,9,2026-08-26,NA,990640,1257791,3335011,1060000
FY26-Q4,10,2026-09-02,NA,944163,1259083,2091261,1060000
FY26-Q4,11,2026-09-09,NA,925199,1200848,2210242,1060000
FY26-Q4,12,2026-09-16,NA,963975,1373977,2447516,1060000
FY26-Q4,13,2026-09-23,NA,975200,1276860,2847950,1060000
FY26-Q4,1,2026-07-01,EMEA,1267085,1629011,3422433,1153000
FY26-Q4,2,2026-07-08,EMEA,1015233,1269063,3369607,1153000
FY26-Q4,3,2026-07-15,EMEA,1070002,1354528,2380538,1153000
FY26-Q4,4,2026-07-22,EMEA,1110124,1584114,3641211,1153000
FY26-Q4,5,2026-07-29,EMEA,1200386,1586725,3369133,1153000
FY26-Q4,6,2026-08-05,EMEA,1057573,1524215,3035306,1153000
FY26-Q4,7,2026-08-12,EMEA,1233035,1531488,4161319,1153000
FY26-Q4,8,2026-08-19,EMEA,1226020,1690572,3579223,1153000
FY26-Q4,9,2026-08-26,EMEA,1198298,1654516,3632410,1153000
FY26-Q4,10,2026-09-02,EMEA,1224908,1741122,3109523,1153000
FY26-Q4,11,2026-09-09,EMEA,1267247,1736366,4172490,1153000
FY26-Q4,12,2026-09-16,EMEA,1283382,1800186,3406464,1153000
FY26-Q4,13,2026-09-23,EMEA,1291360,1728338,3710145,1153000
FY26-Q4,1,2026-07-01,LATAM,199494,256495,630485,209000
FY26-Q4,2,2026-07-08,LATAM,187710,230481,560772,209000
FY26-Q4,3,2026-07-15,LATAM,215615,260482,731590,209000
FY26-Q4,4,2026-07-22,LATAM,197894,245336,439664,209000
FY26-Q4,5,2026-07-29,LATAM,170372,214068,559840,209000
FY26-Q4,6,2026-08-05,LATAM,187618,269794,494568,209000
FY26-Q4,7,2026-08-12,LATAM,184401,234121,511953,209000
FY26-Q4,8,2026-08-19,LATAM,192944,273187,581665,209000
FY26-Q4,9,2026-08-26,LATAM,187205,256420,442760,209000
FY26-Q4,10,2026-09-02,LATAM,200175,262419,455644,209000
FY26-Q4,11,2026-09-09,LATAM,202724,263055,463857,209000
FY26-Q4,12,2026-09-16,LATAM,205518,259152,519295,209000
FY26-Q4,13,2026-09-23,LATAM,209000,296591,581668,209000
