lead_id,region,country,consent_type,consent_date,email_opt_out
L-5000,NA,US,opt_in,2026-06-25,False
L-5001,EMEA,,legitimate_interest,2026-08-04,True
L-5002,NA,US,opt_in,2026-05-18,True
L-5003,NA,US,opt_in,2026-05-20,False
L-5004,NA,CA,implied_inquiry,2026-04-04,False
L-5005,NA,US,opt_in,2026-04-16,False
L-5006,NA,US,opt_in,2026-06-05,False
L-5007,NA,US,opt_in,2026-07-19,False
L-5008,NA,CA,express,2026-05-04,False
L-5009,NA,US,opt_in,2026-04-05,False
L-5010,NA,CA,express,2026-01-15,False
L-5011,NA,CA,implied_inquiry,2026-03-18,False
L-5012,NA,CA,implied_inquiry,2026-04-29,False
L-5013,NA,US,opt_in,2026-02-13,False
L-5014,NA,US,opt_in,2026-07-21,False
L-5015,NA,US,none,,False
L-5016,NA,US,none,,False
L-5017,NA,US,opt_in,2026-05-29,True
L-5018,NA,US,none,,False
L-5019,NA,CA,none,,False
L-5020,NA,US,opt_in,2026-09-29,False
L-5021,EMEA,,none,,False
L-5022,NA,US,none,,False
L-5023,NA,US,none,,False
L-5024,NA,CA,implied_inquiry,2026-01-30,False
L-5025,NA,US,opt_in,2026-02-19,False
L-5026,NA,US,opt_in,2026-08-26,False
L-5027,NA,CA,express,2026-07-21,False
L-5028,NA,US,opt_in,2026-05-25,False
L-5029,NA,CA,express,2026-06-06,False
L-5030,EMEA,GB,opt_in,2026-07-30,False
L-5031,EMEA,,opt_in,2026-04-07,False
L-5032,NA,US,none,,False
L-5033,NA,CA,express,2026-08-04,False
L-5034,,,opt_in,2026-02-03,False
L-5035,NA,US,none,,False
L-5036,NA,US,none,,False
L-5037,EMEA,GB,opt_in,2026-03-13,False
L-5038,NA,US,none,,False
L-5039,NA,US,opt_in,2026-03-06,False
L-5040,NA,US,opt_in,2026-03-28,False
L-5041,NA,US,opt_in,2026-05-16,False
L-5042,NA,US,opt_in,2026-02-22,False
L-5043,NA,US,none,,False
L-5044,EMEA,,opt_in,2026-04-07,False
L-5045,NA,US,opt_in,2026-04-29,False
L-5046,NA,CA,express,2026-02-12,False
L-5047,APAC,,opt_in,2026-08-21,False
L-5048,NA,US,none,,False
L-5049,NA,US,opt_in,2026-04-28,False
L-5050,EMEA,,opt_in,2026-04-15,False
L-5051,NA,US,none,,False
L-5052,NA,US,none,,False
L-5053,NA,US,opt_in,2026-03-16,False
L-5054,NA,US,none,,False
L-5055,NA,US,none,,False
L-5056,EMEA,,opt_in,2026-07-22,False
L-5057,EMEA,,opt_in,2026-09-25,False
L-5058,NA,US,none,,False
L-5059,NA,US,opt_in,2026-04-28,False
L-5060,NA,US,opt_in,2026-01-25,False
L-5061,NA,US,opt_in,2026-02-23,False
L-5062,EMEA,,opt_in,2026-03-24,False
L-5063,NA,US,none,,False
L-5064,NA,US,opt_in,2026-02-28,False
L-5065,EMEA,GB,opt_in,2026-03-19,False
L-5066,EMEA,GB,opt_in,2026-03-18,False
L-5067,NA,US,opt_in,2026-02-08,False
L-5068,NA,CA,express,2026-09-10,False
L-5069,NA,US,none,,False
L-5070,NA,US,opt_in,2026-02-12,False
L-5071,NA,US,opt_in,2026-03-14,False
L-5072,NA,US,opt_in,2026-09-09,False
L-5073,NA,CA,express,2026-06-19,False
L-5074,NA,US,opt_in,2026-01-08,False
L-5075,NA,US,none,,False
L-5076,NA,US,none,,False
L-5077,NA,US,opt_in,2026-02-09,False
L-5078,NA,US,opt_in,2026-09-19,False
L-5079,EMEA,,opt_in,2026-02-24,False
L-5080,NA,US,opt_in,2026-09-29,False
L-5081,NA,US,opt_in,2026-08-09,False
L-5082,NA,US,opt_in,2026-03-06,False
L-5083,NA,US,opt_in,2026-02-14,False
L-5084,NA,US,opt_in,2026-09-23,False
L-5085,NA,US,none,,False
L-5086,LATAM,,none,,True
L-5087,NA,US,opt_in,2026-05-19,False
L-5088,NA,CA,implied_inquiry,2026-05-20,False
L-5089,NA,US,none,,False
L-5090,NA,US,opt_in,2026-08-27,False
L-5091,NA,US,opt_in,2026-07-10,False
L-5092,NA,US,opt_in,2026-03-22,False
L-5093,EMEA,GB,legitimate_interest,2026-09-05,False
L-5094,NA,US,none,,False
L-5095,NA,CA,express,2026-02-10,False
L-5096,NA,US,none,,False
L-5097,NA,US,opt_in,2026-06-12,False
L-5098,NA,US,opt_in,2026-05-24,False
L-5099,EMEA,GB,opt_in,2026-07-01,False
L-5100,NA,US,opt_in,2026-09-02,False
L-5101,NA,US,none,,False
L-5102,NA,US,opt_in,2026-04-11,False
L-5103,EMEA,,opt_in,2026-01-21,False
L-5104,NA,CA,express,2026-05-11,False
L-5105,NA,CA,express,2026-06-06,False
L-5106,NA,CA,implied_inquiry,2026-07-14,False
L-5107,NA,CA,implied_inquiry,2026-08-17,False
L-5108,NA,US,none,,False
L-5109,NA,CA,express,2026-01-14,False
L-5110,NA,US,opt_in,2026-01-27,False
L-5111,NA,US,opt_in,2026-05-16,False
L-5112,NA,CA,express,2026-02-03,False
L-5113,NA,CA,express,2026-08-05,False
L-5114,NA,US,opt_in,2026-08-13,True
L-5115,NA,US,opt_in,2026-04-24,False
L-5116,NA,US,none,,False
L-5117,NA,US,opt_in,2026-08-06,False
L-5118,NA,US,opt_in,2026-04-28,False
L-5119,NA,US,none,,True
L-5120,NA,US,none,,False
L-5121,EMEA,,opt_in,2026-04-17,False
L-5122,NA,US,none,,False
L-5123,NA,US,opt_in,2026-01-14,False
L-5124,NA,US,none,,False
L-5125,NA,CA,express,2026-09-12,False
L-5126,NA,US,none,,False
L-5127,NA,US,none,,False
L-5128,EMEA,,legitimate_interest,2026-01-20,False
L-5129,NA,CA,implied_inquiry,2026-02-14,False
L-5130,NA,US,none,,False
L-5131,NA,CA,implied_inquiry,2026-01-26,False
L-5132,NA,CA,express,2026-09-26,True
L-5133,NA,US,opt_in,2026-02-20,False
L-5134,NA,US,none,,False
L-5135,NA,US,opt_in,2026-04-06,False
L-5136,NA,US,opt_in,2026-09-05,False
L-5137,NA,US,opt_in,2026-06-23,False
L-5138,EMEA,,legitimate_interest,2026-06-19,False
L-5139,EMEA,,opt_in,2026-02-18,False
L-5140,NA,US,opt_in,2026-05-04,False
L-5141,NA,US,none,,False
L-5142,NA,US,opt_in,2026-06-07,False
L-5143,NA,US,opt_in,2026-06-11,False
L-5144,NA,US,opt_in,2026-09-18,False
L-5145,NA,US,none,,False
L-5146,EMEA,GB,opt_in,2026-04-22,False
L-5147,,,none,,False
L-5148,NA,CA,implied_inquiry,2026-07-20,False
L-5149,NA,US,opt_in,2026-03-13,False
L-5150,NA,US,opt_in,2026-02-07,False
L-5151,NA,US,opt_in,2026-08-29,False
L-5152,NA,US,none,,False
L-5153,EMEA,,opt_in,2026-02-05,False
L-5154,APAC,,opt_in,2026-02-19,False
L-5155,LATAM,,opt_in,2026-05-05,False
L-5156,EMEA,,opt_in,2026-02-10,False
L-5157,NA,US,opt_in,2026-08-23,False
L-5158,NA,US,none,,False
L-5159,NA,CA,express,2026-09-02,False
L-5160,EMEA,GB,opt_in,2026-04-01,False
L-5161,NA,US,opt_in,2026-01-12,False
L-5162,NA,CA,express,2026-03-31,False
L-5163,NA,US,none,,False
L-5164,EMEA,,legitimate_interest,2026-07-05,False
L-5165,NA,US,none,,False
L-5166,NA,US,opt_in,2026-03-08,False
L-5167,LATAM,,opt_in,2026-02-11,False
L-5168,NA,US,opt_in,2026-03-19,False
L-5169,NA,US,none,,False
L-5170,NA,US,none,,False
L-5171,NA,CA,implied_inquiry,2026-07-23,False
L-5172,NA,CA,implied_inquiry,2026-09-17,False
L-5173,NA,US,opt_in,2026-03-18,False
L-5174,NA,US,opt_in,2026-02-06,False
L-5175,NA,US,opt_in,2026-08-05,False
L-5176,NA,US,opt_in,2026-01-08,False
L-5177,LATAM,,opt_in,2026-08-03,False
L-5178,NA,CA,implied_inquiry,2026-05-26,False
L-5179,EMEA,,opt_in,2026-01-27,False
L-5180,EMEA,GB,opt_in,2026-06-20,False
L-5181,NA,US,none,,False
L-5182,,,opt_in,2026-04-02,False
L-5183,EMEA,GB,legitimate_interest,2026-05-11,False
L-5184,NA,CA,implied_inquiry,2026-01-11,False
L-5185,EMEA,,opt_in,2026-07-13,False
L-5186,EMEA,GB,opt_in,2026-03-02,False
L-5187,NA,US,none,,False
L-5188,NA,CA,implied_inquiry,2026-06-03,False
L-5189,NA,US,none,,False
L-5190,EMEA,,legitimate_interest,2026-06-21,False
L-5191,NA,CA,implied_inquiry,2026-03-31,False
L-5192,NA,CA,express,2026-08-22,False
L-5193,NA,CA,express,2026-06-27,False
L-5194,NA,US,opt_in,2026-02-16,False
L-5195,NA,US,none,,True
L-5196,EMEA,,none,,False
L-5197,NA,CA,implied_inquiry,2026-02-19,False
L-5198,NA,CA,implied_inquiry,2026-01-26,False
L-5199,NA,US,opt_in,2026-09-13,True
L-5200,EMEA,,opt_in,2026-09-05,False
L-5201,NA,US,opt_in,2026-02-13,False
L-5202,NA,CA,express,2026-03-19,False
L-5203,NA,US,none,,False
L-5204,NA,US,none,,False
L-5205,NA,US,none,,False
L-5206,EMEA,,opt_in,2026-05-08,False
L-5207,APAC,,none,,True
L-5208,NA,US,opt_in,2026-01-25,False
L-5209,NA,US,opt_in,2026-04-11,False
L-5210,APAC,,none,,False
L-5211,NA,US,opt_in,2026-03-21,False
L-5212,NA,US,opt_in,2026-03-24,False
L-5213,EMEA,GB,opt_in,2026-01-23,False
L-5214,APAC,,opt_in,2026-03-26,False
L-5215,NA,CA,express,2026-06-28,False
L-5216,NA,US,opt_in,2026-06-20,False
L-5217,NA,US,none,,False
L-5218,NA,US,opt_in,2026-02-22,False
L-5219,NA,US,opt_in,2026-04-17,False
L-5220,LATAM,,none,,False
L-5221,NA,CA,express,2026-03-28,False
L-5222,NA,US,opt_in,2026-03-27,False
L-5223,EMEA,GB,opt_in,2026-06-14,False
L-5224,NA,CA,express,2026-05-05,False
L-5225,NA,CA,implied_inquiry,2026-09-05,False
L-5226,LATAM,,opt_in,2026-08-19,False
L-5227,EMEA,,opt_in,2026-05-25,False
L-5228,NA,US,opt_in,2026-04-09,False
L-5229,NA,CA,express,2026-06-21,False
L-5230,NA,US,opt_in,2026-04-01,True
L-5231,NA,US,none,,False
L-5232,NA,US,none,,False
L-5233,NA,CA,implied_inquiry,2026-07-20,False
L-5234,NA,US,opt_in,2026-09-20,False
L-5235,NA,CA,none,,False
L-5236,NA,US,none,,False
L-5237,NA,US,none,,False
L-5238,NA,US,none,,False
L-5239,NA,US,none,,False
L-5240,EMEA,GB,opt_in,2026-08-24,False
L-5241,NA,US,opt_in,2026-09-13,False
L-5242,NA,US,opt_in,2026-07-12,False
L-5243,EMEA,,opt_in,2026-06-02,False
L-5244,NA,CA,express,2026-08-04,False
L-5245,NA,US,none,,False
L-5246,NA,CA,express,2026-03-05,True
L-5247,NA,US,none,,False
L-5248,NA,US,opt_in,2026-08-30,False
L-5249,NA,US,opt_in,2026-07-24,False
L-5250,NA,US,none,,False
L-5251,NA,CA,express,2026-07-01,False
L-5252,NA,US,opt_in,2026-07-23,False
L-5253,NA,US,opt_in,2026-04-22,False
L-5254,NA,US,none,,False
L-5255,NA,US,opt_in,2026-07-09,False
L-5256,EMEA,GB,opt_in,2026-07-08,False
L-5257,NA,US,none,,False
L-5258,NA,US,none,,False
L-5259,EMEA,,opt_in,2026-06-30,False
L-5260,NA,US,opt_in,2026-05-17,False
L-5261,NA,US,none,,False
L-5262,NA,US,none,,False
L-5263,NA,CA,implied_inquiry,2026-08-06,False
L-5264,NA,US,opt_in,2026-03-06,False
L-5265,NA,US,opt_in,2026-04-25,False
L-5266,NA,US,none,,True
L-5267,,,none,,False
L-5268,NA,US,opt_in,2026-01-14,False
L-5269,NA,CA,express,2026-07-19,True
L-5270,NA,US,opt_in,2026-06-20,False
L-5271,NA,US,opt_in,2026-05-07,False
L-5272,NA,US,none,,False
L-5273,NA,US,opt_in,2026-03-31,False
L-5274,NA,US,none,,False
L-5275,NA,US,opt_in,2026-06-22,False
L-5276,EMEA,,none,,False
L-5277,NA,CA,implied_inquiry,2026-04-28,False
L-5278,NA,US,opt_in,2026-02-07,False
L-5279,NA,US,opt_in,2026-08-11,False
L-5280,NA,US,opt_in,2026-06-15,False
L-5281,NA,CA,express,2026-01-19,False
L-5282,NA,US,none,,False
L-5283,NA,US,none,,False
L-5284,NA,CA,express,2026-06-27,False
L-5285,NA,US,opt_in,2026-05-09,False
L-5286,NA,US,opt_in,2026-03-20,False
L-5287,NA,US,opt_in,2026-09-01,False
L-5288,APAC,,opt_in,2026-05-02,False
L-5289,NA,US,none,,False
L-5290,NA,US,opt_in,2026-03-02,False
L-5291,NA,US,opt_in,2026-08-12,False
L-5292,EMEA,,opt_in,2026-02-07,False
L-5293,LATAM,,opt_in,2026-01-23,False
L-5294,,,none,,False
L-5295,NA,US,none,,False
L-5296,NA,CA,express,2026-05-18,False
L-5297,EMEA,GB,opt_in,2026-09-26,True
L-5298,EMEA,,opt_in,2026-09-17,False
L-5299,NA,US,opt_in,2026-07-24,False
L-5300,NA,US,none,,False
L-5301,NA,US,none,,True
L-5302,NA,CA,express,2026-08-21,False
L-5303,NA,CA,none,,False
L-5304,NA,CA,implied_inquiry,2026-06-03,False
L-5305,EMEA,,opt_in,2026-01-18,False
L-5306,NA,US,opt_in,2026-09-03,False
L-5307,EMEA,GB,opt_in,2026-01-29,False
L-5308,NA,US,opt_in,2026-08-08,False
L-5309,EMEA,,opt_in,2026-05-03,False
L-5310,NA,US,none,,False
L-5311,EMEA,,opt_in,2026-07-19,False
L-5312,NA,US,none,,False
L-5313,NA,CA,express,2026-02-01,False
L-5314,NA,US,opt_in,2026-08-11,False
L-5315,NA,US,none,,False
L-5316,NA,US,opt_in,2026-06-07,False
L-5317,NA,US,opt_in,2026-04-12,False
L-5318,NA,US,opt_in,2026-05-15,False
L-5319,NA,US,opt_in,2026-08-26,False
L-5320,NA,US,opt_in,2026-03-30,False
L-5321,NA,US,opt_in,2026-03-19,False
L-5322,NA,US,none,,False
L-5323,,,opt_in,2026-02-14,False
L-5324,NA,US,opt_in,2026-01-26,False
L-5325,,,opt_in,2026-06-29,False
L-5326,NA,US,none,,False
L-5327,NA,US,none,,False
L-5328,NA,US,opt_in,2026-05-08,False
L-5329,APAC,,opt_in,2026-03-15,False
L-5330,APAC,,opt_in,2026-08-16,True
L-5331,NA,CA,express,2026-07-18,False
L-5332,NA,US,opt_in,2026-07-26,False
L-5333,NA,CA,implied_inquiry,2026-05-25,False
L-5334,NA,US,opt_in,2026-07-24,False
L-5335,NA,US,opt_in,2026-03-29,False
L-5336,NA,US,none,,False
L-5337,NA,CA,express,2026-04-03,False
L-5338,NA,US,opt_in,2026-05-25,False
L-5339,NA,US,none,,False
L-5340,NA,US,opt_in,2026-06-14,False
L-5341,NA,US,none,,True
L-5342,NA,US,opt_in,2026-03-14,False
L-5343,NA,US,none,,False
L-5344,NA,CA,implied_inquiry,2026-08-01,False
L-5345,NA,US,opt_in,2026-03-09,False
L-5346,NA,US,opt_in,2026-07-30,False
L-5347,NA,US,none,,False
L-5348,NA,US,none,,False
L-5349,NA,US,opt_in,2026-06-30,False
L-5350,NA,US,opt_in,2026-03-06,False
L-5351,,,none,,False
L-5352,NA,US,opt_in,2026-02-17,False
L-5353,NA,CA,express,2026-07-05,False
L-5354,NA,CA,none,,True
L-5355,NA,US,opt_in,2026-08-12,False
L-5356,NA,US,opt_in,2026-05-11,False
L-5357,NA,US,none,,True
L-5358,NA,US,opt_in,2026-08-07,False
L-5359,NA,US,none,,False
L-5360,NA,US,none,,False
L-5361,NA,US,opt_in,2026-07-01,False
L-5362,,,none,,True
L-5363,NA,US,none,,False
L-5364,NA,US,none,,False
L-5365,NA,US,none,,False
L-5366,LATAM,,opt_in,2026-08-28,False
L-5367,NA,US,none,,False
L-5368,LATAM,,opt_in,2026-01-11,False
L-5369,NA,US,opt_in,2026-04-29,False
L-5370,APAC,,opt_in,2026-05-29,False
L-5371,NA,CA,express,2026-05-31,False
L-5372,NA,US,opt_in,2026-02-20,False
L-5373,NA,CA,express,2026-04-27,False
L-5374,NA,US,opt_in,2026-04-22,False
L-5375,EMEA,,opt_in,2026-02-28,False
L-5376,NA,US,none,,False
L-5377,NA,US,none,,False
L-5378,NA,US,opt_in,2026-02-13,False
L-5379,NA,CA,express,2026-01-19,False
L-5380,NA,US,none,,False
L-5381,NA,US,opt_in,2026-09-06,False
L-5382,NA,US,opt_in,2026-09-26,False
L-5383,NA,US,opt_in,2026-02-23,False
L-5384,EMEA,,opt_in,2026-08-19,False
L-5385,NA,CA,express,2026-05-10,False
L-5386,NA,US,none,,False
L-5387,NA,CA,express,2026-09-05,False
L-5388,NA,US,opt_in,2026-08-13,False
L-5389,NA,US,opt_in,2026-04-09,False
L-5390,EMEA,GB,opt_in,2026-03-20,False
L-5391,NA,US,opt_in,2026-08-23,False
L-5392,NA,CA,express,2026-01-13,True
L-5393,EMEA,GB,legitimate_interest,2026-05-30,False
L-5394,NA,US,none,,False
L-5395,NA,US,opt_in,2026-08-05,False
L-5396,NA,US,opt_in,2026-08-13,False
L-5397,NA,CA,express,2026-05-18,False
L-5398,NA,US,opt_in,2026-05-10,False
L-5399,NA,US,opt_in,2026-09-13,False
L-5400,APAC,,opt_in,2026-04-06,False
L-5401,NA,US,opt_in,2026-09-27,False
L-5402,NA,US,opt_in,2026-09-15,False
L-5403,NA,US,none,,False
L-5404,NA,US,opt_in,2026-08-23,False
L-5405,NA,US,opt_in,2026-01-10,False
L-5406,NA,US,opt_in,2026-02-12,False
L-5407,NA,US,none,,False
L-5408,NA,US,opt_in,2026-02-22,False
L-5409,NA,CA,implied_inquiry,2026-02-26,False
L-5410,NA,CA,express,2026-03-02,False
L-5411,NA,CA,implied_inquiry,2026-09-06,False
L-5412,NA,US,opt_in,2026-01-11,False
L-5413,NA,US,none,,False
L-5414,NA,US,none,,False
L-5415,EMEA,,opt_in,2026-08-18,False
L-5416,NA,US,opt_in,2026-03-02,False
L-5417,NA,US,opt_in,2026-07-01,True
L-5418,EMEA,,legitimate_interest,2026-03-18,False
L-5419,,,opt_in,2026-06-02,False
L-5420,NA,US,opt_in,2026-09-27,False
L-5421,NA,US,opt_in,2026-08-13,False
L-5422,NA,US,none,,False
L-5423,NA,CA,implied_inquiry,2026-03-29,False
L-5424,NA,US,opt_in,2026-01-30,False
L-5425,NA,US,none,,False
L-5426,APAC,,none,,False
L-5427,NA,US,opt_in,2026-08-19,False
L-5428,LATAM,,opt_in,2026-03-11,False
L-5429,EMEA,,opt_in,2026-02-28,False
L-5430,LATAM,,opt_in,2026-03-25,False
L-5431,NA,US,opt_in,2026-07-24,False
L-5432,NA,US,opt_in,2026-04-02,False
L-5433,,,opt_in,2026-05-30,False
L-5434,EMEA,,opt_in,2026-04-22,False
L-5435,NA,US,opt_in,2026-04-07,False
L-5436,EMEA,GB,none,,False
L-5437,NA,US,opt_in,2026-03-01,False
L-5438,NA,US,none,,False
L-5439,NA,US,none,,False
L-5440,APAC,,opt_in,2026-03-06,False
L-5441,NA,US,opt_in,2026-05-08,False
L-5442,NA,CA,none,,False
L-5443,EMEA,,opt_in,2026-01-23,False
L-5444,EMEA,,legitimate_interest,2026-01-14,False
L-5445,NA,CA,express,2026-02-21,False
L-5446,APAC,,opt_in,2026-09-07,False
L-5447,EMEA,,opt_in,2026-06-17,False
L-5448,NA,CA,express,2026-03-08,False
L-5449,LATAM,,none,,False
L-5450,NA,US,none,,False
L-5451,NA,US,opt_in,2026-09-27,False
L-5452,NA,US,none,,False
L-5453,NA,US,opt_in,2026-04-06,False
L-5454,NA,US,opt_in,2026-06-14,False
L-5455,NA,CA,express,2026-09-21,False
L-5456,EMEA,,opt_in,2026-02-13,False
L-5457,NA,CA,express,2026-06-21,False
L-5458,NA,US,opt_in,2026-09-22,False
L-5459,NA,CA,none,,False
L-5460,NA,US,none,,False
L-5461,EMEA,,opt_in,2026-06-28,True
L-5462,NA,CA,express,2026-03-07,False
L-5463,NA,US,none,,False
L-5464,EMEA,GB,opt_in,2026-08-16,False
L-5465,APAC,,none,,True
L-5466,NA,US,none,,False
L-5467,,,opt_in,2026-05-03,False
L-5468,NA,US,opt_in,2026-08-11,False
L-5469,NA,US,none,,False
L-5470,NA,CA,express,2026-09-28,False
L-5471,NA,US,opt_in,2026-05-20,False
L-5472,APAC,,opt_in,2026-09-13,False
L-5473,NA,US,opt_in,2026-09-12,False
L-5474,NA,US,opt_in,2026-08-10,False
L-5475,EMEA,GB,opt_in,2026-06-02,False
L-5476,NA,US,none,,True
L-5477,APAC,,opt_in,2026-01-15,False
L-5478,NA,CA,express,2026-07-26,False
L-5479,NA,CA,express,2026-05-02,False
L-5480,NA,US,opt_in,2026-01-15,False
L-5481,NA,US,opt_in,2026-04-18,False
L-5482,NA,US,none,,False
L-5483,NA,US,opt_in,2026-03-18,False
L-5484,LATAM,,opt_in,2026-05-05,False
L-5485,NA,CA,express,2026-04-02,False
L-5486,LATAM,,none,,False
L-5487,NA,US,opt_in,2026-08-06,False
L-5488,NA,US,opt_in,2026-02-08,False
L-5489,NA,US,opt_in,2026-03-24,False
L-5490,NA,US,opt_in,2026-09-04,False
L-5491,NA,CA,express,2026-08-10,False
L-5492,NA,US,opt_in,2026-04-24,False
L-5493,EMEA,GB,opt_in,2026-07-19,False
L-5494,NA,US,none,,False
L-5495,NA,US,opt_in,2026-01-24,False
L-5496,NA,CA,express,2026-02-23,False
L-5497,EMEA,GB,none,,False
L-5498,NA,US,opt_in,2026-01-15,False
L-5499,NA,CA,implied_inquiry,2026-07-18,False
L-5500,NA,US,none,,False
L-5501,NA,US,opt_in,2026-05-18,False
L-5502,EMEA,,opt_in,2026-02-25,False
L-5503,NA,US,opt_in,2026-06-26,False
L-5504,NA,US,opt_in,2026-03-17,False
L-5505,NA,CA,implied_inquiry,2026-07-15,False
L-5506,NA,US,opt_in,2026-06-16,False
L-5507,NA,US,opt_in,2026-04-06,False
L-5508,NA,US,opt_in,2026-04-07,False
L-5509,NA,CA,express,2026-08-31,False
L-5510,NA,US,opt_in,2026-02-01,False
L-5511,NA,US,opt_in,2026-02-14,False
L-5512,NA,US,opt_in,2026-01-30,False
L-5513,NA,US,opt_in,2026-05-12,False
L-5514,NA,US,opt_in,2026-01-25,False
L-5515,NA,CA,express,2026-05-16,False
L-5516,EMEA,,opt_in,2026-05-25,False
L-5517,NA,US,none,,False
L-5518,NA,US,opt_in,2026-07-01,False
L-5519,,,opt_in,2026-09-11,False
L-5520,EMEA,,opt_in,2026-07-04,False
L-5521,NA,US,opt_in,2026-07-29,False
L-5522,NA,US,none,,False
L-5523,NA,US,opt_in,2026-04-11,False
L-5524,NA,US,none,,False
L-5525,NA,US,opt_in,2026-06-23,False
L-5526,EMEA,GB,opt_in,2026-01-17,False
L-5527,APAC,,none,,False
L-5528,NA,CA,none,,False
L-5529,NA,US,opt_in,2026-06-10,False
L-5530,EMEA,GB,opt_in,2026-05-17,False
L-5531,NA,US,opt_in,2026-07-18,False
L-5532,NA,US,none,,True
L-5533,NA,US,none,,False
L-5534,LATAM,,opt_in,2026-02-05,False
L-5535,EMEA,,legitimate_interest,2026-04-25,False
L-5536,NA,US,opt_in,2026-08-01,False
L-5537,NA,CA,implied_inquiry,2026-09-22,False
L-5538,EMEA,GB,opt_in,2026-06-17,False
L-5539,NA,US,opt_in,2026-08-06,False
L-5540,NA,US,opt_in,2026-01-07,False
L-5541,NA,US,opt_in,2026-06-04,False
L-5542,NA,US,opt_in,2026-03-28,False
L-5543,NA,US,none,,False
L-5544,NA,US,none,,False
L-5545,NA,CA,express,2026-07-15,False
L-5546,NA,US,opt_in,2026-09-01,False
L-5547,NA,US,none,,False
L-5548,NA,US,none,,False
L-5549,NA,US,opt_in,2026-05-02,False
L-5550,NA,US,none,,False
L-5551,NA,CA,implied_inquiry,2026-06-16,False
L-5552,NA,US,opt_in,2026-07-05,False
L-5553,LATAM,,opt_in,2026-02-05,False
L-5554,NA,US,none,,False
L-5555,NA,US,opt_in,2026-08-01,False
L-5556,EMEA,,legitimate_interest,2026-01-05,False
L-5557,NA,CA,express,2026-03-19,False
L-5558,NA,US,opt_in,2026-09-26,False
L-5559,EMEA,,opt_in,2026-04-08,False
L-5560,EMEA,,opt_in,2026-04-24,False
L-5561,LATAM,,none,,False
L-5562,NA,US,opt_in,2026-09-23,False
L-5563,EMEA,,opt_in,2026-09-30,False
L-5564,NA,US,none,,False
L-5565,NA,US,opt_in,2026-02-04,False
L-5566,NA,US,none,,False
L-5567,NA,US,none,,False
L-5568,EMEA,,opt_in,2026-04-30,False
L-5569,NA,CA,implied_inquiry,2026-05-26,False
L-5570,EMEA,,opt_in,2026-07-16,False
L-5571,NA,CA,express,2026-07-25,False
L-5572,EMEA,GB,legitimate_interest,2026-02-24,False
L-5573,NA,US,opt_in,2026-04-03,False
L-5574,NA,US,opt_in,2026-06-26,False
L-5575,NA,US,none,,False
L-5576,EMEA,,opt_in,2026-08-19,False
L-5577,NA,US,none,,False
L-5578,APAC,,none,,False
L-5579,NA,US,none,,False
L-5580,,,opt_in,2026-07-05,False
L-5581,NA,US,none,,False
L-5582,EMEA,GB,opt_in,2026-07-19,False
L-5583,EMEA,GB,opt_in,2026-07-03,False
L-5584,NA,US,none,,False
L-5585,NA,US,opt_in,2026-01-20,False
L-5586,NA,US,opt_in,2026-06-27,False
L-5587,NA,CA,implied_inquiry,2026-02-20,False
L-5588,APAC,,none,,False
L-5589,NA,CA,express,2026-06-14,False
L-5590,NA,CA,implied_inquiry,2026-09-22,False
L-5591,NA,US,none,,False
L-5592,NA,US,opt_in,2026-04-12,False
L-5593,LATAM,,none,,False
L-5594,EMEA,,opt_in,2026-09-27,False
L-5595,EMEA,,opt_in,2026-07-13,False
L-5596,EMEA,,opt_in,2026-04-17,False
L-5597,NA,US,opt_in,2026-03-28,False
L-5598,NA,US,opt_in,2026-02-27,False
L-5599,NA,CA,implied_inquiry,2026-07-21,False
L-5600,APAC,,none,,False
L-5601,NA,US,none,,True
L-5602,NA,US,opt_in,2026-08-30,False
L-5603,NA,CA,implied_inquiry,2026-03-26,False
L-5604,NA,US,opt_in,2026-01-23,False
L-5605,NA,US,opt_in,2026-09-05,False
L-5606,NA,US,none,,False
L-5607,NA,US,opt_in,2026-06-27,False
L-5608,NA,US,opt_in,2026-09-15,False
L-5609,NA,US,opt_in,2026-06-10,False
L-5610,NA,US,opt_in,2026-06-08,False
L-5611,NA,US,opt_in,2026-03-13,False
L-5612,,,none,,False
L-5613,NA,US,opt_in,2026-02-10,False
L-5614,NA,US,none,,False
L-5615,NA,US,none,,False
L-5616,NA,US,opt_in,2026-02-12,False
L-5617,NA,CA,implied_inquiry,2026-05-08,False
L-5618,NA,CA,express,2026-02-07,False
L-5619,NA,US,opt_in,2026-08-02,True
L-5620,NA,US,opt_in,2026-01-12,False
L-5621,NA,US,opt_in,2026-08-14,False
L-5622,EMEA,GB,none,,False
L-5623,APAC,,opt_in,2026-06-28,False
L-5624,NA,US,none,,False
L-5625,EMEA,GB,legitimate_interest,2026-04-29,False
L-5626,NA,US,opt_in,2026-09-20,False
L-5627,NA,US,none,,False
L-5628,NA,US,opt_in,2026-08-15,False
L-5629,NA,US,opt_in,2026-02-08,False
L-5630,NA,US,opt_in,2026-02-05,False
L-5631,NA,US,opt_in,2026-03-24,True
L-5632,EMEA,,opt_in,2026-04-21,False
L-5633,NA,US,opt_in,2026-06-21,False
L-5634,EMEA,GB,legitimate_interest,2026-06-06,False
L-5635,NA,US,none,,False
L-5636,NA,US,opt_in,2026-03-27,False
L-5637,NA,CA,implied_inquiry,2026-03-07,False
L-5638,NA,US,opt_in,2026-01-24,False
L-5639,NA,US,opt_in,2026-01-17,False
L-5640,EMEA,GB,none,,False
L-5641,NA,CA,implied_inquiry,2026-05-14,False
L-5642,NA,CA,implied_inquiry,2026-03-17,False
L-5643,NA,US,opt_in,2026-07-26,False
L-5644,NA,US,opt_in,2026-09-15,False
L-5645,NA,CA,implied_inquiry,2026-06-29,False
L-5646,EMEA,,opt_in,2026-09-04,False
L-5647,NA,US,none,,False
L-5648,EMEA,,legitimate_interest,2026-01-19,False
L-5649,EMEA,GB,opt_in,2026-09-26,False
L-5650,NA,US,opt_in,2026-04-16,False
L-5651,NA,US,opt_in,2026-03-05,False
L-5652,NA,CA,implied_inquiry,2026-02-28,False
L-5653,NA,US,opt_in,2026-03-07,False
L-5654,NA,US,none,,False
L-5655,NA,CA,implied_inquiry,2026-09-06,False
L-5656,EMEA,,opt_in,2026-09-06,False
L-5657,EMEA,GB,none,,False
L-5658,NA,US,none,,False
L-5659,NA,US,none,,False
L-5660,EMEA,,opt_in,2026-09-02,False
L-5661,EMEA,,opt_in,2026-04-12,False
L-5662,NA,US,opt_in,2026-09-28,False
L-5663,NA,US,none,,False
L-5664,NA,US,none,,False
L-5665,NA,CA,express,2026-05-22,False
L-5666,EMEA,GB,opt_in,2026-03-23,False
L-5667,NA,US,none,,False
L-5668,NA,US,none,,False
L-5669,NA,US,opt_in,2026-04-01,False
L-5670,NA,US,none,,False
L-5671,NA,CA,implied_inquiry,2026-04-01,True
L-5672,NA,US,opt_in,2026-05-02,False
L-5673,EMEA,,legitimate_interest,2026-05-05,False
L-5674,LATAM,,opt_in,2026-09-18,False
L-5675,NA,US,opt_in,2026-08-25,False
L-5676,NA,CA,express,2026-09-28,False
L-5677,NA,CA,express,2026-07-15,False
L-5678,NA,US,none,,False
L-5679,NA,US,opt_in,2026-07-05,False
L-5680,NA,US,opt_in,2026-02-04,False
L-5681,NA,US,opt_in,2026-01-23,False
L-5682,NA,CA,implied_inquiry,2026-02-07,False
L-5683,NA,US,opt_in,2026-06-21,False
L-5684,NA,US,none,,False
L-5685,NA,CA,implied_inquiry,2026-02-07,False
L-5686,NA,US,none,,False
L-5687,NA,CA,implied_inquiry,2026-01-06,False
L-5688,NA,US,opt_in,2026-06-12,True
L-5689,NA,US,opt_in,2026-05-30,False
L-5690,NA,US,none,,False
L-5691,NA,US,none,,False
L-5692,NA,CA,express,2026-01-22,False
L-5693,NA,CA,implied_inquiry,2026-08-23,False
L-5694,NA,US,opt_in,2026-08-06,True
L-5695,NA,US,opt_in,2026-04-15,False
L-5696,EMEA,,legitimate_interest,2026-08-30,False
L-5697,NA,US,opt_in,2026-01-13,False
L-5698,NA,CA,express,2026-02-14,False
L-5699,NA,US,none,,False
L-5700,NA,US,opt_in,2026-02-16,False
L-5701,NA,CA,express,2026-09-07,False
L-5702,NA,US,opt_in,2026-02-08,False
L-5703,NA,US,none,,False
L-5704,NA,US,none,,False
L-5705,EMEA,GB,none,,False
L-5706,NA,US,opt_in,2026-06-06,False
L-5707,NA,US,none,,False
L-5708,LATAM,,opt_in,2026-04-11,False
L-5709,NA,US,none,,False
L-5710,NA,US,none,,False
L-5711,NA,CA,implied_inquiry,2026-03-21,False
L-5712,NA,US,none,,False
L-5713,NA,US,opt_in,2026-04-29,False
L-5714,LATAM,,none,,False
L-5715,NA,US,opt_in,2026-01-06,False
L-5716,NA,US,opt_in,2026-01-28,False
L-5717,NA,US,opt_in,2026-02-11,False
L-5718,NA,US,opt_in,2026-05-13,False
L-5719,NA,CA,express,2026-02-19,False
L-5720,EMEA,,opt_in,2026-04-06,False
L-5721,NA,CA,implied_inquiry,2026-03-24,False
L-5722,NA,US,opt_in,2026-06-22,False
L-5723,NA,US,opt_in,2026-05-18,False
L-5724,NA,US,opt_in,2026-07-26,False
L-5725,NA,US,opt_in,2026-05-17,False
L-5726,NA,US,opt_in,2026-02-10,False
L-5727,NA,US,opt_in,2026-06-19,False
L-5728,NA,US,none,,False
L-5729,LATAM,,opt_in,2026-09-21,False
L-5730,EMEA,GB,opt_in,2026-03-08,False
L-5731,NA,US,opt_in,2026-08-03,False
L-5732,NA,CA,implied_inquiry,2026-05-18,False
L-5733,NA,US,none,,False
L-5734,,,opt_in,2026-02-16,False
L-5735,NA,US,none,,False
L-5736,NA,US,none,,False
L-5737,NA,US,opt_in,2026-04-28,False
L-5738,EMEA,GB,legitimate_interest,2026-06-19,False
L-5739,NA,US,none,,False
L-5740,NA,US,opt_in,2026-09-30,False
L-5741,APAC,,opt_in,2026-01-06,False
L-5742,EMEA,GB,none,,False
L-5743,NA,US,none,,False
L-5744,NA,US,none,,False
L-5745,NA,US,none,,False
L-5746,NA,US,none,,False
L-5747,NA,US,none,,False
L-5748,NA,CA,implied_inquiry,2026-08-08,False
L-5749,NA,US,none,,False
L-5750,NA,US,opt_in,2026-04-04,False
L-5751,NA,US,opt_in,2026-05-30,False
L-5752,NA,US,opt_in,2026-02-21,False
L-5753,LATAM,,none,,False
L-5754,NA,CA,express,2026-03-30,False
L-5755,EMEA,GB,opt_in,2026-07-16,True
L-5756,EMEA,,legitimate_interest,2026-08-03,False
L-5757,NA,US,none,,False
L-5758,NA,US,opt_in,2026-05-19,False
L-5759,NA,US,none,,False
L-5760,EMEA,GB,opt_in,2026-08-09,False
L-5761,NA,US,none,,False
L-5762,NA,US,opt_in,2026-02-26,False
L-5763,NA,CA,express,2026-04-02,False
L-5764,NA,US,none,,False
L-5765,EMEA,,opt_in,2026-05-05,False
L-5766,EMEA,GB,legitimate_interest,2026-03-27,False
L-5767,EMEA,GB,legitimate_interest,2026-07-27,False
L-5768,EMEA,GB,opt_in,2026-01-22,False
L-5769,,,none,,False
L-5770,NA,US,opt_in,2026-02-13,False
L-5771,NA,US,opt_in,2026-09-14,False
L-5772,NA,US,opt_in,2026-08-26,False
L-5773,NA,US,opt_in,2026-07-25,True
L-5774,EMEA,,opt_in,2026-04-28,False
L-5775,EMEA,GB,legitimate_interest,2026-06-29,False
L-5776,NA,US,opt_in,2026-04-29,False
L-5777,NA,US,opt_in,2026-09-24,False
L-5778,NA,CA,implied_inquiry,2026-06-21,False
L-5779,NA,CA,express,2026-08-22,False
L-5780,NA,CA,implied_inquiry,2026-07-20,False
L-5781,NA,US,opt_in,2026-03-16,False
L-5782,NA,CA,express,2026-06-27,False
L-5783,NA,US,opt_in,2026-05-03,False
L-5784,NA,US,opt_in,2026-09-13,False
L-5785,NA,US,opt_in,2026-03-31,False
L-5786,NA,US,opt_in,2026-06-10,False
L-5787,NA,US,opt_in,2026-04-05,False
L-5788,NA,US,none,,False
L-5789,NA,US,opt_in,2026-03-25,False
L-5790,NA,US,none,,False
L-5791,NA,US,opt_in,2026-04-07,False
L-5792,NA,US,none,,False
L-5793,EMEA,,opt_in,2026-09-12,False
L-5794,EMEA,,legitimate_interest,2026-07-25,False
L-5795,NA,US,none,,False
L-5796,LATAM,,opt_in,2026-04-22,False
L-5797,NA,US,none,,False
L-5798,NA,US,opt_in,2026-06-29,False
L-5799,NA,CA,implied_inquiry,2026-09-30,False
L-5800,EMEA,,legitimate_interest,2026-07-18,False
L-5801,NA,US,none,,False
L-5802,NA,US,none,,False
L-5803,EMEA,GB,opt_in,2026-08-24,False
L-5804,NA,US,none,,False
L-5805,NA,US,opt_in,2026-04-21,False
L-5806,NA,US,opt_in,2026-02-28,False
L-5807,NA,CA,implied_inquiry,2026-09-13,False
L-5808,NA,US,none,,False
L-5809,,,opt_in,2026-07-25,False
L-5810,NA,CA,implied_inquiry,2026-09-10,False
L-5811,NA,US,opt_in,2026-01-06,False
L-5812,APAC,,none,,False
L-5813,,,none,,False
L-5814,NA,US,opt_in,2026-03-30,False
L-5815,EMEA,,opt_in,2026-09-24,False
L-5816,NA,CA,implied_inquiry,2026-03-16,False
L-5817,EMEA,,opt_in,2026-02-21,False
L-5818,EMEA,,opt_in,2026-08-30,False
L-5819,NA,US,opt_in,2026-06-24,False
L-5820,NA,US,opt_in,2026-05-12,False
L-5821,NA,US,none,,False
L-5822,NA,US,opt_in,2026-04-24,False
L-5823,EMEA,GB,opt_in,2026-09-23,False
L-5824,NA,US,opt_in,2026-01-19,False
L-5825,NA,US,opt_in,2026-05-24,False
L-5826,NA,US,none,,False
L-5827,NA,US,none,,False
L-5828,NA,US,opt_in,2026-09-25,False
L-5829,NA,US,none,,False
L-5830,NA,US,none,,False
L-5831,NA,US,opt_in,2026-03-01,False
L-5832,EMEA,GB,opt_in,2026-02-08,False
L-5833,EMEA,GB,none,,False
L-5834,NA,CA,express,2026-04-03,False
L-5835,NA,US,none,,False
L-5836,NA,US,none,,False
L-5837,NA,CA,express,2026-02-13,False
L-5838,NA,US,none,,False
L-5839,NA,US,opt_in,2026-02-05,True
L-5840,NA,US,none,,False
L-5841,NA,CA,express,2026-05-19,False
L-5842,NA,CA,express,2026-06-18,False
L-5843,NA,CA,express,2026-03-25,False
L-5844,NA,US,opt_in,2026-05-14,False
L-5845,,,opt_in,2026-09-17,False
L-5846,NA,US,none,,False
L-5847,NA,US,opt_in,2026-03-08,False
L-5848,NA,US,none,,False
L-5849,EMEA,,opt_in,2026-01-22,False
L-5850,NA,US,none,,False
L-5851,LATAM,,none,,False
L-5852,NA,US,none,,False
L-5853,NA,US,opt_in,2026-07-07,False
L-5854,NA,US,opt_in,2026-07-08,False
L-5855,NA,CA,implied_inquiry,2026-05-28,False
L-5856,NA,US,opt_in,2026-05-21,False
L-5857,NA,US,opt_in,2026-03-18,False
L-5858,NA,US,opt_in,2026-06-21,True
L-5859,NA,CA,implied_inquiry,2026-02-20,False
L-5860,,,opt_in,2026-08-11,False
L-5861,NA,US,none,,False
L-5862,NA,US,none,,False
L-5863,EMEA,GB,legitimate_interest,2026-02-09,False
L-5864,NA,US,none,,False
L-5865,NA,CA,implied_inquiry,2026-08-22,False
L-5866,EMEA,,legitimate_interest,2026-06-12,False
L-5867,NA,US,opt_in,2026-04-01,False
L-5868,LATAM,,none,,False
L-5869,NA,US,opt_in,2026-08-18,False
L-5870,NA,US,none,,False
L-5871,NA,US,opt_in,2026-02-06,False
L-5872,NA,CA,implied_inquiry,2026-03-21,False
L-5873,NA,US,opt_in,2026-07-22,False
L-5874,NA,US,opt_in,2026-04-30,False
L-5875,NA,CA,implied_inquiry,2026-02-28,False
L-5876,NA,US,opt_in,2026-01-21,False
L-5877,NA,CA,express,2026-08-26,False
L-5878,NA,US,opt_in,2026-08-27,False
L-5879,,,none,,False
L-5880,NA,US,opt_in,2026-02-28,False
L-5881,NA,US,opt_in,2026-02-22,False
L-5882,NA,US,opt_in,2026-09-07,False
L-5883,NA,US,opt_in,2026-02-04,False
L-5884,NA,CA,implied_inquiry,2026-04-15,False
L-5885,,,opt_in,2026-03-11,False
L-5886,NA,US,opt_in,2026-08-18,False
L-5887,NA,CA,implied_inquiry,2026-09-02,False
L-5888,NA,US,none,,False
L-5889,NA,US,opt_in,2026-07-25,False
L-5890,NA,US,opt_in,2026-04-15,False
L-5891,APAC,,opt_in,2026-02-19,False
L-5892,NA,US,none,,False
L-5893,EMEA,,opt_in,2026-05-05,False
L-5894,NA,US,opt_in,2026-07-23,False
L-5895,EMEA,,opt_in,2026-09-03,False
L-5896,NA,US,opt_in,2026-06-28,False
L-5897,NA,CA,express,2026-03-08,False
L-5898,NA,US,none,,False
L-5899,NA,CA,express,2026-02-14,False
L-9900,NA,US,none,,False
L-9901,NA,CA,none,,False
L-9902,NA,US,opt_in,2026-04-25,False
L-9903,NA,CA,implied_inquiry,2026-03-31,False
L-9904,NA,CA,implied_inquiry,2026-04-27,False
L-9905,EMEA,,opt_in,2026-08-30,False
