opportunity_id,account_id,account_name,segment,region,type,product_line,source,partner,owner,amount,stage,forecast_category,created_date,close_date,stage_entered_date,last_activity_date,contacts_engaged,economic_buyer_engaged,poc_status,security_review,next_step,is_closed,is_won,closed_lost_reason,competitor,originating_lead_id
OPP-7000,ACC-1011,Crescent Studio,small_business,NA,New Logo,addon,SDR,,AE - Jon Reyes,49000,5 - Negotiate & Contract,Best Case,2026-05-07,2026-10-09,2026-09-20,2026-09-30,1,True,Passed,Complete,POC readout,False,False,,Competitor B,L-5005
OPP-7001,ACC-1023,Evergreen Co,small_business,NA,New Logo,addon,Marketing,,AE - Hugo Park,61000,4 - Business Case & Security Review,Best Case,2026-07-10,2026-11-11,2026-09-04,2026-09-26,2,False,N/A,Not Started,,False,False,,In-house build,L-5073
OPP-7002,ACC-1397,Harborview Corp,upper_mid_market,NA,New Logo,addon,Marketing,,AE - Jon Reyes,280000,1 - Qualify,Pipeline,2026-09-10,2027-02-07,2026-08-09,2026-09-28,1,False,Not Started,Not Started,Exec alignment call,False,False,,Competitor C,L-5090
OPP-7003,ACC-1318,Arbor Labs,small_business,NA,Expansion,addon,Marketing,,AE - Hugo Park,11000,5 - Negotiate & Contract,Commit,2026-04-19,2026-10-27,2026-09-21,2026-09-06,3,False,In Progress,Not Started,Security questionnaire,False,False,,Competitor A,L-5102
OPP-7004,ACC-1129,Prairie First Flow,vertical_a,NA,New Logo,addon,Marketing,,AE - Hugo Park,123000,4 - Business Case & Security Review,Best Case,2026-06-13,2026-12-08,2026-09-16,2026-09-29,2,True,N/A,Complete,Exec alignment call,False,False,,Competitor A,L-5105
OPP-7005,ACC-1153,Prairie First Studio,small_business,NA,Expansion,core,Marketing,,AE - Jon Reyes,21000,Closed Lost,Omitted,2026-05-07,2026-07-29,2026-07-29,2026-07-29,1,True,In Progress,Complete,,True,False,Security / Compliance Blocker,None known,L-5115
OPP-7006,ACC-1357,Sterling Media,vertical_c,NA,New Logo,addon,SDR,,AE - Iris Bell,147000,Closed Won,Closed,2026-02-03,2026-06-23,2026-06-23,2026-06-23,6,False,Passed,Complete,POC readout,True,True,,Competitor C,L-5123
OPP-7007,ACC-1444,Maple Leaf Labs 3,small_business,NA,Expansion,core,Marketing,,AE - Hugo Park,13000,Closed Won,Closed,2026-04-23,2026-07-13,2026-07-13,2026-07-13,6,False,Not Started,In Progress,Pricing review,True,True,,None known,L-5135
OPP-7008,ACC-1252,Keystone Labs,small_business,NA,New Logo,core,Marketing,,AE - Jon Reyes,51000,5 - Negotiate & Contract,Commit,2026-05-12,2026-11-03,2026-09-16,2026-09-13,7,False,Not Started,Complete,Exec alignment call,False,False,,Competitor C,L-5140
OPP-7009,ACC-1304,Tidewater Cloud,vertical_a,NA,Expansion,addon,Marketing,,AE - Jon Reyes,62000,Closed Won,Closed,2026-06-28,2026-09-08,2026-09-08,2026-09-08,1,False,Not Started,Complete,POC readout,True,True,,None known,L-5143
OPP-7010,ACC-1067,Clearwater Stack,vertical_a,NA,New Logo,addon,SDR,,AE - Hugo Park,109000,Closed Lost,Omitted,2026-01-30,2026-04-13,2026-04-13,2026-04-13,4,True,In Progress,Complete,,True,False,Timing / Budget,Competitor C,L-5145
OPP-7011,ACC-1167,Clearwater County Services,adjacent,EMEA,New Logo,addon,Marketing,,AE - Liam Byrne,107000,5 - Negotiate & Contract,Best Case,2026-02-28,2026-07-31,2026-08-12,2026-09-13,7,False,In Progress,In Progress,Security questionnaire,False,False,,Competitor C,L-5153
OPP-7012,ACC-1443,Copper State Global,enterprise,LATAM,New Logo,core,SDR,,AE - Nico Duarte,335000,5 - Negotiate & Contract,Commit,2026-05-27,2026-10-16,2026-09-20,2026-08-22,2,False,Not Started,Complete,POC readout,False,False,,Competitor B,L-5155
OPP-7013,ACC-1446,Blue Mesa Corp,upper_mid_market,EMEA,Expansion,core,Marketing,,AE - Klara Weiss,78000,4 - Business Case & Security Review,Best Case,2026-05-31,2026-12-15,2026-08-19,2026-09-28,7,False,Passed,In Progress,,False,False,,Competitor B,L-5183
OPP-7014,ACC-1371,Summit Ridge Stack,vertical_a,APAC,New Logo,addon,Partner,Partner D,AE - Mei Lin,73000,5 - Negotiate & Contract,Best Case,2026-05-02,2026-11-02,2026-09-15,2026-09-06,3,True,Not Started,Complete,,False,False,,Competitor A,L-5207
OPP-7015,ACC-1293,Summit Ridge Co,small_business,NA,Expansion,addon,Marketing,,AE - Grace Tan,11000,1 - Qualify,Pipeline,2026-09-24,2027-01-17,2026-08-09,2026-09-26,7,True,Not Started,Not Started,Security questionnaire,False,False,,Competitor A,L-5217
OPP-7016,ACC-1022,Meridian Partners,upper_mid_market,EMEA,Expansion,core,Marketing,,AE - Klara Weiss,65000,1 - Qualify,Pipeline,2026-09-04,2027-01-20,2026-09-10,2026-09-28,3,False,Not Started,Not Started,Exec alignment call,False,False,,None known,L-5240
OPP-7017,ACC-1060,Crescent Co,small_business,NA,Expansion,core,Marketing,,AE - Jon Reyes,15000,3 - Technical Validation,Best Case,2026-07-28,2026-11-18,2026-08-11,2026-09-23,4,False,In Progress,Not Started,Pricing review,False,False,,None known,L-5255
OPP-7018,ACC-1226,Stonebridge Media,vertical_c,EMEA,New Logo,addon,SDR,,AE - Klara Weiss,149000,4 - Business Case & Security Review,Commit,2026-07-14,2026-11-05,2026-09-10,2026-09-23,3,False,In Progress,Complete,Security questionnaire,False,False,,In-house build,L-5259
OPP-7019,ACC-1286,Lakeshore Games,vertical_c,NA,Expansion,addon,SDR,,AE - Iris Bell,31000,Closed Won,Closed,2026-03-18,2026-09-30,2026-09-30,2026-09-30,3,True,Not Started,Complete,Exec alignment call,True,True,,Competitor C,L-5264
OPP-7020,ACC-1137,Silverline Pay,vertical_a,LATAM,New Logo,addon,Marketing,,AE - Nico Duarte,144000,Closed Lost,Omitted,2026-01-27,2026-05-19,2026-05-19,2026-05-19,2,False,Not Started,Not Started,,True,False,Lost to Competitor,In-house build,L-5293
OPP-7021,ACC-1087,Union Square Media,vertical_c,NA,New Logo,addon,Marketing,,AE - Hugo Park,75000,5 - Negotiate & Contract,Best Case,2026-04-12,2026-10-25,2026-08-30,2026-09-29,6,True,Not Started,Not Started,POC readout,False,False,,None known,L-5300
OPP-7022,ACC-1224,Prairie First Pay,vertical_a,NA,New Logo,addon,Marketing,,AE - Jon Reyes,143000,1 - Qualify,Pipeline,2026-09-09,2027-02-21,2026-09-05,2026-09-06,4,False,Not Started,Not Started,Legal redlines,False,False,,None known,L-5306
OPP-7023,ACC-1438,Meridian Hub,vertical_b,NA,New Logo,addon,Marketing,,AE - Grace Tan,145000,3 - Technical Validation,Best Case,2026-08-04,2026-12-08,2026-08-31,2026-09-26,1,True,In Progress,Not Started,,False,False,,In-house build,L-5334
OPP-7024,ACC-1281,Redwood Studio,small_business,NA,Expansion,core,Marketing,,AE - Jon Reyes,25000,3 - Technical Validation,Best Case,2026-07-19,2026-12-20,2026-08-17,2026-08-22,1,True,N/A,Not Started,POC readout,False,False,,Competitor C,L-5361
OPP-7025,ACC-1137,Silverline Pay,vertical_a,LATAM,New Logo,addon,Marketing,,AE - Nico Duarte,209000,Closed Won,Closed,2026-02-03,2026-07-08,2026-07-08,2026-07-08,6,False,Passed,In Progress,Legal redlines,True,True,,None known,L-5368
OPP-7026,ACC-1114,Bayfront Network,vertical_b,APAC,Expansion,addon,Marketing,,AE - Mei Lin,56000,4 - Business Case & Security Review,Best Case,2026-06-09,2026-11-25,2026-09-28,2026-09-28,6,True,Not Started,In Progress,Security questionnaire,False,False,,Competitor B,L-5370
OPP-7027,ACC-1171,Northgate Studio,small_business,NA,Expansion,core,Marketing,,AE - Jon Reyes,21000,2 - Discovery,Pipeline,2026-08-23,2026-12-13,2026-08-10,2026-09-23,3,False,Not Started,Not Started,,False,False,,In-house build,L-5396
OPP-7028,ACC-1025,Lakeshore Cloud,vertical_a,NA,New Logo,addon,Marketing,,AE - Jon Reyes,49000,Closed Lost,Omitted,2026-03-11,2026-05-29,2026-05-29,2026-05-29,5,True,Passed,Complete,Pricing review,True,False,No Decision / Status Quo,None known,L-5416
OPP-7029,ACC-1419,Union Square Flow,vertical_a,NA,New Logo,addon,Marketing,,AE - Jon Reyes,206000,3 - Technical Validation,Best Case,2026-06-18,2026-12-18,2026-09-06,2026-09-19,1,True,Not Started,Not Started,Security questionnaire,False,False,,Competitor B,L-5419
OPP-7030,ACC-1121,Falcon Systems,mid_market,NA,Expansion,core,Marketing,,AE - Jon Reyes,13000,Closed Won,Closed,2026-03-01,2026-06-25,2026-06-25,2026-06-25,3,True,Passed,Complete,POC readout,True,True,,Competitor B,L-5445
OPP-7031,ACC-1007,Arbor Flow,vertical_a,NA,New Logo,addon,SDR,,AE - Hugo Park,213000,Closed Lost,Omitted,2026-03-26,2026-07-25,2026-07-25,2026-07-25,1,False,Passed,Not Started,,True,False,Security / Compliance Blocker,Competitor C,L-5462
OPP-7032,ACC-1160,Blue Mesa Market,vertical_b,LATAM,New Logo,addon,Marketing,,AE - Nico Duarte,78000,Closed Lost,Omitted,2026-05-20,2026-09-22,2026-09-22,2026-09-22,1,True,N/A,In Progress,Exec alignment call,True,False,,Competitor B,L-5484
OPP-7033,ACC-1031,Lakeshore Labs,small_business,NA,New Logo,core,Partner,Partner C,AE - Iris Bell,58000,Closed Lost,Omitted,2026-03-09,2026-08-01,2026-08-01,2026-08-01,5,False,Passed,In Progress,POC readout,True,False,No Decision / Status Quo,None known,L-5496
OPP-7034,ACC-1153,Prairie First Studio,small_business,NA,Expansion,core,Marketing,,AE - Grace Tan,17000,5 - Negotiate & Contract,Commit,2026-03-23,2026-07-07,2026-08-16,2026-09-23,3,False,Passed,Complete,,False,False,,Competitor C,L-5504
OPP-7035,ACC-1299,Evergreen Cloud,vertical_a,EMEA,New Logo,addon,SDR,,AE - Liam Byrne,142000,3 - Technical Validation,Best Case,2026-07-12,2026-12-03,2026-08-08,2026-09-23,2,False,N/A,Not Started,Legal redlines,False,False,,Competitor B,L-5520
OPP-7036,ACC-1000,Harborview Stack,vertical_a,NA,New Logo,addon,Marketing,,AE - Hugo Park,199000,2 - Discovery,Pipeline,2026-08-17,2027-02-15,2026-09-20,2026-09-28,3,True,Not Started,Not Started,,False,False,,None known,L-5536
OPP-7037,ACC-1037,Meridian Network,vertical_b,NA,New Logo,addon,Marketing,,AE - Iris Bell,73000,2 - Discovery,Commit,2026-08-25,2026-12-21,2026-08-25,2026-08-22,5,False,Not Started,Not Started,,False,False,,Competitor B,L-5543
OPP-7038,ACC-1445,Arbor Network,vertical_b,NA,New Logo,addon,Marketing,,AE - Jon Reyes,53000,4 - Business Case & Security Review,Commit,2026-05-17,2026-11-28,2026-09-19,2026-09-29,7,False,Not Started,In Progress,Legal redlines,False,False,,Competitor B,L-5549
OPP-7039,ACC-1102,Prairie First Stack,vertical_a,EMEA,New Logo,addon,Marketing,,AE - Klara Weiss,103000,4 - Business Case & Security Review,Best Case,2026-07-17,2026-10-25,2026-08-10,2026-09-28,6,False,Not Started,Not Started,,False,False,,Competitor C,L-5583
OPP-7040,ACC-1193,Blue Mesa Studio,small_business,NA,Expansion,core,SDR,,AE - Grace Tan,17000,5 - Negotiate & Contract,Best Case,2026-04-27,2026-09-13,2026-08-25,2026-09-30,7,True,In Progress,Complete,Exec alignment call,False,False,,Competitor B,L-5592
OPP-7041,ACC-1111,Crescent Corp,upper_mid_market,NA,New Logo,core,SDR,,AE - Jon Reyes,110000,Closed Lost,Omitted,2026-04-14,2026-06-29,2026-06-29,2026-06-29,6,False,In Progress,In Progress,Pricing review,True,False,No Decision / Status Quo,In-house build,L-5603
OPP-7042,ACC-1249,Prairie First Neo,vertical_a,NA,New Logo,addon,SDR,,AE - Grace Tan,213000,2 - Discovery,Pipeline,2026-08-23,2027-01-07,2026-08-25,2026-09-26,4,False,Not Started,Not Started,Security questionnaire,False,False,,Competitor A,L-5621
OPP-7043,ACC-1301,Meridian Stack,vertical_a,EMEA,New Logo,addon,Marketing,,AE - Liam Byrne,139000,Closed Won,Closed,2026-04-29,2026-07-24,2026-07-24,2026-07-24,6,True,Not Started,Not Started,POC readout,True,True,,Competitor A,L-5632
OPP-7044,ACC-1409,Clearwater Labs,small_business,NA,New Logo,core,Marketing,,AE - Hugo Park,29000,1 - Qualify,Pipeline,2026-09-20,2027-01-15,2026-08-07,2026-09-26,6,False,Not Started,Not Started,Security questionnaire,False,False,,Competitor A,L-5644
OPP-7045,ACC-1448,Union Square Cloud,vertical_a,NA,New Logo,addon,Marketing,,AE - Jon Reyes,73000,Closed Lost,Omitted,2026-03-11,2026-07-05,2026-07-05,2026-07-05,6,True,Not Started,Not Started,Security questionnaire,True,False,No Decision / Status Quo,In-house build,L-5653
OPP-7046,ACC-1245,Northgate Works,mid_market,NA,Expansion,core,Marketing,,AE - Grace Tan,28000,5 - Negotiate & Contract,Best Case,2026-04-18,2026-10-20,2026-09-27,2026-09-28,5,False,N/A,In Progress,Exec alignment call,False,False,,In-house build,L-5671
OPP-7047,ACC-1216,Stonebridge Neo,vertical_a,EMEA,New Logo,addon,Marketing,,AE - Liam Byrne,124000,Closed Won,Closed,2026-05-10,2026-08-04,2026-08-04,2026-08-04,1,True,Not Started,Not Started,Legal redlines,True,True,,Competitor A,L-5673
OPP-7048,ACC-1202,Clearwater Network,vertical_b,NA,Expansion,addon,Marketing,,AE - Hugo Park,53000,Closed Lost,Omitted,2026-03-24,2026-07-01,2026-07-01,2026-07-01,4,True,In Progress,Not Started,,True,False,Security / Compliance Blocker,Competitor C,L-5678
OPP-7049,ACC-1381,Riverbend Stack,vertical_a,NA,New Logo,addon,Marketing,,AE - Hugo Park,219000,Closed Lost,Omitted,2026-02-20,2026-07-17,2026-07-17,2026-07-17,2,True,In Progress,Not Started,POC readout,True,False,Champion Left,Competitor C,L-5680
OPP-7050,ACC-1390,Pinecrest Corp,upper_mid_market,NA,Expansion,core,Partner,Partner A,AE - Grace Tan,62000,Closed Lost,Omitted,2026-02-04,2026-06-01,2026-06-01,2026-06-01,4,True,N/A,In Progress,,True,False,No Decision / Status Quo,In-house build,L-5681
OPP-7051,ACC-1242,Granite Peak Games,vertical_c,EMEA,New Logo,addon,Marketing,,AE - Klara Weiss,122000,1 - Qualify,Pipeline,2026-09-03,2027-01-26,2026-08-14,2026-09-30,7,False,Not Started,Not Started,Security questionnaire,False,False,,Competitor B,L-5696
OPP-7052,ACC-1228,Harborview Co,small_business,NA,New Logo,core,Marketing,,AE - Hugo Park,29000,Closed Lost,Omitted,2026-03-26,2026-06-04,2026-06-04,2026-06-04,2,False,In Progress,Not Started,POC readout,True,False,Integration Effort,None known,L-5711
OPP-7053,ACC-1427,Redwood Industries,upper_mid_market,NA,Expansion,addon,Marketing,,AE - Grace Tan,45000,5 - Negotiate & Contract,Best Case,2026-04-03,2026-08-16,2026-08-12,2026-09-30,4,True,N/A,Complete,POC readout,False,False,,None known,L-5721
OPP-7054,ACC-1148,Riverbend Network,vertical_b,NA,Expansion,addon,Marketing,,AE - Jon Reyes,56000,Closed Lost,Omitted,2026-06-05,2026-08-22,2026-08-22,2026-08-22,1,False,Not Started,In Progress,Pricing review,True,False,Lost to Competitor,In-house build,L-5728
OPP-7055,ACC-1114,Bayfront Network,vertical_b,APAC,Expansion,addon,Marketing,,AE - Mei Lin,36000,Closed Lost,Omitted,2026-02-19,2026-05-26,2026-05-26,2026-05-26,1,False,In Progress,Complete,Pricing review,True,False,Price,Competitor B,L-5812
OPP-7056,ACC-1133,Tidewater Industries,upper_mid_market,NA,New Logo,addon,Marketing,,AE - Iris Bell,114000,Closed Won,Closed,2026-04-05,2026-09-06,2026-09-06,2026-09-06,6,True,Not Started,Complete,Security questionnaire,True,True,,Competitor A,L-5816
OPP-7057,ACC-1216,Stonebridge Neo,vertical_a,EMEA,New Logo,addon,SDR,,AE - Klara Weiss,109000,1 - Qualify,Pipeline,2026-09-11,2027-02-24,2026-08-15,2026-09-28,3,False,Not Started,Not Started,POC readout,False,False,,None known,L-5818
OPP-7058,ACC-1257,Bayfront Studio,small_business,NA,New Logo,addon,Partner,Partner D,AE - Grace Tan,40000,4 - Business Case & Security Review,Best Case,2026-06-04,2026-11-18,2026-09-25,2026-09-30,1,False,N/A,Complete,,False,False,,Competitor A,L-5821
OPP-7059,ACC-1128,Keystone Neo,vertical_a,NA,New Logo,addon,Marketing,,AE - Grace Tan,165000,Closed Won,Closed,2026-02-16,2026-09-01,2026-09-01,2026-09-01,5,True,N/A,Not Started,Pricing review,True,True,,None known,L-5829
OPP-7060,ACC-1419,Union Square Flow,vertical_a,NA,New Logo,addon,Marketing,,AE - Iris Bell,92000,5 - Negotiate & Contract,Commit,2026-07-29,2026-10-02,2026-09-24,2026-09-23,6,False,In Progress,Complete,Exec alignment call,False,False,,None known,L-5836
OPP-7061,ACC-1064,Riverbend Co,small_business,NA,Expansion,addon,Marketing,,AE - Jon Reyes,21000,3 - Technical Validation,Best Case,2026-04-06,2026-06-29,2026-09-16,2026-08-22,2,False,In Progress,Not Started,Security questionnaire,False,False,,Competitor C,L-5857
OPP-7062,ACC-1231,Westfield Co,small_business,NA,Expansion,core,Marketing,,AE - Jon Reyes,29000,Closed Lost,Omitted,2026-03-09,2026-05-28,2026-05-28,2026-05-28,1,True,In Progress,Not Started,Exec alignment call,True,False,Lost to Competitor,Competitor C,L-5859
OPP-7063,ACC-1304,Tidewater Cloud,vertical_a,NA,Expansion,addon,SDR,,AE - Iris Bell,82000,4 - Business Case & Security Review,Best Case,2026-06-02,2026-11-23,2026-08-08,2026-09-30,2,False,N/A,Complete,Security questionnaire,False,False,,Competitor C,L-5862
OPP-7064,ACC-1229,Pinecrest Co,small_business,NA,New Logo,addon,Marketing,,AE - Iris Bell,21000,Closed Lost,Omitted,2026-05-10,2026-09-12,2026-09-12,2026-09-12,7,True,Not Started,Complete,Security questionnaire,True,False,Security / Compliance Blocker,None known,L-5864
OPP-7065,ACC-1035,Meridian Systems,mid_market,NA,Expansion,addon,Marketing,,AE - Hugo Park,17000,Closed Won,Closed,2026-01-31,2026-07-05,2026-07-05,2026-07-05,4,True,In Progress,Complete,Pricing review,True,True,,Competitor B,L-5876
OPP-7066,ACC-1347,Meridian Corp,upper_mid_market,NA,New Logo,addon,Marketing,,AE - Hugo Park,131000,1 - Qualify,Pipeline,2026-09-18,2026-12-12,2026-09-20,2026-09-19,4,True,Not Started,Not Started,,False,False,,Competitor B,L-5877
OPP-7067,ACC-1048,Summit Ridge Works,mid_market,NA,Expansion,addon,Partner,Partner B,AE - Iris Bell,13000,Closed Won,Closed,2026-04-23,2026-08-12,2026-08-12,2026-08-12,6,False,N/A,Not Started,,True,True,,Competitor C,
OPP-7068,ACC-1343,Oakmont Works,mid_market,NA,Expansion,addon,AE,,AE - Iris Bell,26000,Closed Lost,Omitted,2026-03-12,2026-06-12,2026-06-12,2026-06-12,2,True,In Progress,Not Started,Exec alignment call,True,False,Lost to Competitor,Competitor B,
OPP-7069,ACC-1203,Evergreen Studio,small_business,NA,New Logo,addon,Partner,Partner A,AE - Grace Tan,49000,2 - Discovery,Pipeline,2026-09-05,2026-11-17,2026-08-20,2026-08-22,2,False,Not Started,Not Started,,False,False,,Competitor B,
OPP-7070,ACC-1334,Summit Ridge Market,vertical_b,NA,New Logo,addon,AE,,AE - Hugo Park,133000,Closed Won,Closed,2026-07-01,2026-09-30,2026-09-30,2026-09-30,7,True,Not Started,Not Started,Security questionnaire,True,True,,Competitor A,
OPP-7071,ACC-1433,Falcon Works,mid_market,NA,New Logo,core,Partner,,AE - Grace Tan,57000,Closed Won,Closed,2026-03-01,2026-08-29,2026-08-29,2026-08-29,5,True,Not Started,Complete,,True,True,,In-house build,
OPP-7072,ACC-1195,Cedar Valley Flow,vertical_a,NA,New Logo,addon,AE,,AE - Jon Reyes,51000,Closed Won,Closed,2026-02-12,2026-05-26,2026-05-26,2026-05-26,3,False,In Progress,Complete,Pricing review,True,True,,Competitor A,
OPP-7073,ACC-1262,Lakeshore Media,vertical_c,LATAM,New Logo,addon,AE,,AE - Nico Duarte,87000,2 - Discovery,Pipeline,2026-08-23,2026-12-04,2026-08-21,2026-09-13,3,False,Not Started,Not Started,Pricing review,False,False,,In-house build,
OPP-7074,ACC-1433,Falcon Works,mid_market,NA,New Logo,addon,AE,,AE - Jon Reyes,30000,Closed Won,Closed,2026-03-09,2026-08-17,2026-08-17,2026-08-17,2,True,In Progress,Not Started,,True,True,,None known,
OPP-7075,ACC-1113,Silverline Play,vertical_c,NA,New Logo,addon,AE,,AE - Jon Reyes,96000,Closed Lost,Omitted,2025-10-09,2025-12-16,2025-12-16,2025-12-16,3,True,Not Started,Not Started,Legal redlines,True,False,Price,Competitor B,
OPP-7076,ACC-1264,Bayfront Corp,upper_mid_market,NA,New Logo,addon,AE,,AE - Hugo Park,262000,Closed Won,Closed,2025-12-18,2026-05-09,2026-05-09,2026-05-09,5,False,In Progress,Not Started,Exec alignment call,True,True,,None known,
OPP-7077,ACC-1032,Crescent Labs,small_business,NA,New Logo,core,Partner,Partner A,AE - Hugo Park,53000,5 - Negotiate & Contract,Commit,2026-01-21,2026-06-28,2026-08-27,2026-09-13,1,True,Not Started,Not Started,Exec alignment call,False,False,,Competitor B,
OPP-7078,ACC-1195,Cedar Valley Flow,vertical_a,NA,Expansion,addon,AE,,AE - Grace Tan,100000,5 - Negotiate & Contract,Commit,2025-12-31,2026-07-04,2026-09-04,2026-09-28,5,False,Not Started,In Progress,Pricing review,False,False,,None known,
OPP-7079,ACC-1102,Prairie First Stack,vertical_a,EMEA,New Logo,addon,AE,,AE - Liam Byrne,176000,4 - Business Case & Security Review,Best Case,2026-05-23,2026-11-29,2026-09-17,2026-08-22,7,True,In Progress,Not Started,Pricing review,False,False,,None known,
OPP-7080,ACC-1432,Ironwood Stack,vertical_a,LATAM,New Logo,addon,AE,,AE - Nico Duarte,131000,Closed Won,Closed,2025-11-12,2026-04-09,2026-04-09,2026-04-09,6,False,Not Started,Not Started,Security questionnaire,True,True,,In-house build,
OPP-7081,ACC-1448,Union Square Cloud,vertical_a,NA,New Logo,addon,AE,,AE - Hugo Park,40000,Closed Lost,Omitted,2025-11-25,2026-02-03,2026-02-03,2026-02-03,2,False,Not Started,Complete,Legal redlines,True,False,Security / Compliance Blocker,Competitor B,
OPP-7082,ACC-1424,Summit Ridge Solutions,mid_market,NA,New Logo,core,Partner,Partner B,AE - Jon Reyes,46000,Closed Lost,Omitted,2026-01-23,2026-06-05,2026-06-05,2026-06-05,3,False,N/A,Not Started,Pricing review,True,False,Timing / Budget,Competitor A,
OPP-7083,ACC-1436,Riverbend Flow,vertical_a,NA,New Logo,addon,AE,,AE - Iris Bell,170000,2 - Discovery,Pipeline,2026-08-19,2027-02-10,2026-08-28,2026-09-29,2,True,Not Started,Not Started,Exec alignment call,False,False,,None known,
OPP-7084,ACC-1359,Meridian Insurance,adjacent,NA,New Logo,addon,AE,,AE - Hugo Park,72000,Closed Lost,Omitted,2025-12-05,2026-04-06,2026-04-06,2026-04-06,4,True,Passed,In Progress,POC readout,True,False,No Decision / Status Quo,Competitor A,
OPP-7085,ACC-1426,Tidewater Solutions,mid_market,NA,New Logo,addon,Partner,Partner B,AE - Iris Bell,57000,1 - Qualify,Commit,2026-09-11,2026-12-31,2026-08-13,2026-09-28,7,True,Not Started,Not Started,Exec alignment call,False,False,,In-house build,
OPP-7086,ACC-1086,Evergreen Network,vertical_b,NA,New Logo,addon,AE,,AE - Iris Bell,87000,Closed Lost,Omitted,2026-03-15,2026-06-26,2026-06-26,2026-06-26,5,False,N/A,Complete,Pricing review,True,False,Lost to Competitor,Competitor B,
OPP-7087,ACC-1427,Redwood Industries,upper_mid_market,NA,New Logo,core,AE,,AE - Iris Bell,207000,Closed Lost,Omitted,2026-03-02,2026-07-02,2026-07-02,2026-07-02,6,True,Not Started,In Progress,Pricing review,True,False,Champion Left,In-house build,
OPP-7088,ACC-1287,Riverbend Market,vertical_b,EMEA,New Logo,addon,AE,,AE - Liam Byrne,100000,Closed Won,Closed,2025-10-12,2026-02-26,2026-02-26,2026-02-26,5,True,Passed,In Progress,Legal redlines,True,True,,In-house build,
OPP-7089,ACC-1119,Redwood Labs,small_business,NA,New Logo,core,AE,,AE - Hugo Park,58000,3 - Technical Validation,Best Case,2026-08-08,2026-12-03,2026-08-28,2026-09-19,2,True,N/A,Not Started,Legal redlines,False,False,,In-house build,
OPP-7090,ACC-1314,Copper State Studio,small_business,NA,New Logo,addon,Partner,Partner A,AE - Hugo Park,32000,Closed Lost,Omitted,2025-11-24,2026-01-24,2026-01-24,2026-01-24,5,True,Not Started,Not Started,POC readout,True,False,Lost to Competitor,In-house build,
OPP-7091,ACC-1272,Cedar Valley Solutions,mid_market,NA,Expansion,addon,Partner,Partner A,AE - Hugo Park,13000,Closed Won,Closed,2025-10-21,2026-03-06,2026-03-06,2026-03-06,3,True,Not Started,Complete,Legal redlines,True,True,,None known,
OPP-7092,ACC-1325,Westfield Pay,vertical_a,NA,New Logo,addon,AE,,AE - Jon Reyes,197000,Closed Lost,Omitted,2026-01-06,2026-06-27,2026-06-27,2026-06-27,3,True,Passed,Complete,Legal redlines,True,False,No Decision / Status Quo,None known,
OPP-7093,ACC-1210,Harborview Holdings,enterprise,EMEA,New Logo,core,AE,,AE - Klara Weiss,890000,Closed Won,Closed,2026-05-01,2026-08-08,2026-08-08,2026-08-08,4,False,Passed,Complete,Pricing review,True,True,,Competitor A,
OPP-7094,ACC-1065,Riverbend Corp,upper_mid_market,EMEA,New Logo,addon,AE,,AE - Klara Weiss,275000,3 - Technical Validation,Best Case,2026-07-31,2026-12-28,2026-09-06,2026-09-23,1,False,Passed,Not Started,POC readout,False,False,,Competitor C,
OPP-7095,ACC-1260,Oakmont Exchange,vertical_b,NA,New Logo,addon,AE,,AE - Grace Tan,138000,5 - Negotiate & Contract,Best Case,2026-07-05,2026-10-14,2026-08-15,2026-09-30,4,False,N/A,Not Started,Exec alignment call,False,False,,None known,
OPP-7096,ACC-1015,Cedar Valley Co,small_business,NA,New Logo,addon,AE,,AE - Hugo Park,29000,Closed Lost,Omitted,2025-11-27,2026-05-30,2026-05-30,2026-05-30,1,True,Not Started,In Progress,Security questionnaire,True,False,Champion Left,Competitor C,
OPP-7097,ACC-1251,Tidewater Pay,vertical_a,NA,New Logo,addon,AE,,AE - Grace Tan,202000,4 - Business Case & Security Review,Best Case,2026-07-14,2026-11-07,2026-08-11,2026-09-28,3,True,Passed,In Progress,Pricing review,False,False,,Competitor A,
OPP-7098,ACC-1283,Union Square Exchange,vertical_b,NA,Expansion,core,AE,,AE - Iris Bell,42000,Closed Won,Closed,2025-12-10,2026-03-04,2026-03-04,2026-03-04,7,True,N/A,Not Started,Security questionnaire,True,True,,Competitor C,
OPP-7099,ACC-1284,Union Square Systems,mid_market,NA,Expansion,addon,AE,,AE - Jon Reyes,20000,Closed Lost,Omitted,2026-04-18,2026-09-08,2026-09-08,2026-09-08,5,True,Not Started,Not Started,Security questionnaire,True,False,Lost to Competitor,Competitor B,
OPP-7100,ACC-1132,Ironwood Solutions,mid_market,NA,New Logo,core,Partner,Partner A,AE - Hugo Park,25000,Closed Lost,Omitted,2025-11-22,2026-03-17,2026-03-17,2026-03-17,6,True,In Progress,Complete,Pricing review,True,False,Integration Effort,Competitor A,
OPP-7101,ACC-1099,Bayfront Partners,upper_mid_market,NA,New Logo,core,AE,,AE - Hugo Park,198000,Closed Won,Closed,2026-05-06,2026-09-29,2026-09-29,2026-09-29,5,True,Passed,Not Started,Security questionnaire,True,True,,None known,
OPP-7102,ACC-1087,Union Square Media,vertical_c,NA,New Logo,addon,AE,,AE - Grace Tan,65000,Closed Lost,Omitted,2026-03-10,2026-05-25,2026-05-25,2026-05-25,5,True,Not Started,In Progress,Exec alignment call,True,False,,Competitor A,
OPP-7103,ACC-1156,Blue Mesa Solutions,mid_market,NA,New Logo,addon,Partner,Partner C,AE - Grace Tan,46000,5 - Negotiate & Contract,Best Case,2026-05-18,2026-10-14,2026-08-28,2026-09-23,3,False,N/A,Not Started,Security questionnaire,False,False,,Competitor C,
OPP-7104,ACC-1406,Northgate Systems,mid_market,NA,Expansion,addon,Partner,Partner B,AE - Jon Reyes,13000,4 - Business Case & Security Review,Best Case,2026-07-20,2026-10-20,2026-08-28,2026-09-26,5,True,Not Started,Not Started,POC readout,False,False,,Competitor B,
OPP-7105,ACC-1372,Highland Flow,vertical_a,NA,New Logo,addon,AE,,AE - Hugo Park,205000,3 - Technical Validation,Best Case,2026-06-24,2027-01-07,2026-08-31,2026-08-22,4,False,Not Started,Not Started,POC readout,False,False,,None known,
OPP-7106,ACC-1284,Union Square Systems,mid_market,NA,Expansion,core,Partner,Partner D,AE - Jon Reyes,17000,3 - Technical Validation,Best Case,2026-07-06,2026-12-08,2026-08-17,2026-09-23,3,True,Passed,Not Started,POC readout,False,False,,In-house build,
OPP-7107,ACC-1195,Cedar Valley Flow,vertical_a,NA,Expansion,addon,AE,,AE - Iris Bell,93000,Closed Lost,Omitted,2026-01-24,2026-06-04,2026-06-04,2026-06-04,1,True,Passed,In Progress,Pricing review,True,False,No Decision / Status Quo,Competitor C,
OPP-7108,ACC-1262,Lakeshore Media,vertical_c,LATAM,New Logo,addon,AE,,AE - Nico Duarte,139000,Closed Lost,Omitted,2026-04-12,2026-08-05,2026-08-05,2026-08-05,1,False,N/A,Complete,Security questionnaire,True,False,No Decision / Status Quo,In-house build,
OPP-7109,ACC-1206,Harborview Pay,vertical_a,EMEA,New Logo,addon,AE,,AE - Liam Byrne,150000,Closed Lost,Omitted,2025-10-27,2026-03-16,2026-03-16,2026-03-16,7,True,In Progress,Complete,,True,False,No Decision / Status Quo,Competitor A,
OPP-7110,ACC-1141,Sterling Corp,upper_mid_market,NA,New Logo,core,AE,,AE - Iris Bell,236000,2 - Discovery,Pipeline,2026-09-16,2026-11-28,2026-08-19,2026-08-22,1,True,Not Started,Not Started,POC readout,False,False,,In-house build,
OPP-7111,ACC-1376,Cedar Valley Insurance,adjacent,NA,New Logo,addon,AE,,AE - Jon Reyes,65000,Closed Lost,Omitted,2026-02-28,2026-08-10,2026-08-10,2026-08-10,5,False,In Progress,Complete,Security questionnaire,True,False,No Decision / Status Quo,None known,
OPP-7112,ACC-1447,Meridian Studio,small_business,NA,New Logo,core,Partner,Partner C,AE - Hugo Park,54000,3 - Technical Validation,Best Case,2026-06-09,2026-12-18,2026-09-27,2026-09-28,6,True,Not Started,Not Started,Legal redlines,False,False,,None known,
OPP-7113,ACC-1275,Blue Mesa Systems,mid_market,NA,New Logo,core,AE,,AE - Grace Tan,63000,3 - Technical Validation,Best Case,2026-07-03,2026-12-24,2026-08-21,2026-09-06,3,True,N/A,Not Started,,False,False,,Competitor B,
OPP-7114,ACC-1196,Riverbend Labs,small_business,NA,New Logo,core,Partner,Partner C,AE - Jon Reyes,62000,3 - Technical Validation,Best Case,2026-07-25,2027-01-11,2026-08-30,2026-09-28,7,False,Not Started,Not Started,,False,False,,In-house build,
OPP-7115,ACC-1421,Bayfront Works,mid_market,NA,New Logo,addon,AE,,AE - Jon Reyes,34000,Closed Won,Closed,2026-01-20,2026-07-04,2026-07-04,2026-07-04,7,True,Not Started,In Progress,Security questionnaire,True,True,,None known,
OPP-7116,ACC-1336,Summit Ridge Media,vertical_c,NA,New Logo,addon,AE,,AE - Grace Tan,183000,Closed Lost,Omitted,2025-10-06,2025-12-08,2025-12-08,2025-12-08,7,False,N/A,In Progress,Security questionnaire,True,False,Lost to Competitor,None known,
OPP-7117,ACC-1188,Crescent Media,vertical_c,NA,New Logo,addon,AE,,AE - Iris Bell,134000,Closed Won,Closed,2025-12-15,2026-04-13,2026-04-13,2026-04-13,4,False,Not Started,Complete,Exec alignment call,True,True,,Competitor C,
OPP-7118,ACC-1444,Maple Leaf Labs 3,small_business,NA,Expansion,addon,Partner,Partner D,AE - Hugo Park,10000,1 - Qualify,Commit,2026-09-08,2027-02-19,2026-09-25,2026-09-30,1,False,Not Started,Not Started,Legal redlines,False,False,,None known,
OPP-7119,ACC-1078,Westfield Play,vertical_c,NA,New Logo,addon,AE,,AE - Grace Tan,198000,4 - Business Case & Security Review,Best Case,2026-07-21,2026-11-01,2026-08-15,2026-09-13,6,False,Not Started,Complete,Legal redlines,False,False,,Competitor C,
OPP-7120,ACC-1064,Riverbend Co,small_business,NA,New Logo,core,Partner,Partner C,AE - Jon Reyes,23000,Closed Lost,Omitted,2026-06-15,2026-09-24,2026-09-24,2026-09-24,6,True,In Progress,In Progress,POC readout,True,False,Integration Effort,Competitor C,
OPP-7121,ACC-1261,Harborview Hub,vertical_b,NA,New Logo,addon,AE,,AE - Grace Tan,60000,Closed Lost,Omitted,2025-11-10,2026-02-26,2026-02-26,2026-02-26,6,False,Not Started,Complete,Security questionnaire,True,False,Integration Effort,Competitor B,
OPP-7122,ACC-1434,Riverbend Partners,upper_mid_market,NA,Expansion,addon,AE,,AE - Jon Reyes,90000,Closed Won,Closed,2026-05-09,2026-08-11,2026-08-11,2026-08-11,6,True,In Progress,In Progress,Exec alignment call,True,True,,In-house build,
OPP-7123,ACC-1064,Riverbend Co,small_business,NA,Expansion,addon,Partner,Partner A,AE - Jon Reyes,25000,5 - Negotiate & Contract,Best Case,2026-04-13,2026-10-07,2026-08-07,2026-09-28,2,True,N/A,In Progress,,False,False,,Competitor B,
OPP-7124,ACC-1149,Oakmont Labs,small_business,NA,Expansion,core,Partner,Partner C,AE - Iris Bell,16000,Closed Lost,Omitted,2026-03-01,2026-08-22,2026-08-22,2026-08-22,6,True,In Progress,In Progress,Security questionnaire,True,False,Security / Compliance Blocker,Competitor A,
OPP-7125,ACC-1243,Maple Leaf Corp,upper_mid_market,APAC,Expansion,core,AE,,AE - Mei Lin,81000,Closed Lost,Omitted,2026-02-13,2026-05-01,2026-05-01,2026-05-01,2,False,In Progress,In Progress,Pricing review,True,False,Lost to Competitor,Competitor B,
OPP-7126,ACC-1084,Redwood Co,small_business,NA,New Logo,addon,Partner,Partner C,AE - Grace Tan,50000,Closed Lost,Omitted,2026-06-18,2026-09-02,2026-09-02,2026-09-02,7,False,N/A,In Progress,Legal redlines,True,False,No Decision / Status Quo,Competitor B,
OPP-7127,ACC-1361,Union Square Corp,upper_mid_market,NA,New Logo,addon,AE,,AE - Hugo Park,118000,Closed Lost,Omitted,2025-10-02,2026-04-11,2026-04-11,2026-04-11,5,True,Passed,Complete,Pricing review,True,False,Lost to Competitor,Competitor C,
OPP-7128,ACC-1085,Silverline Mutual,adjacent,NA,New Logo,addon,AE,,AE - Jon Reyes,41000,5 - Negotiate & Contract,Best Case,2026-06-09,2026-09-14,2026-08-11,2026-09-29,2,True,Passed,Complete,Exec alignment call,False,False,,None known,
OPP-7129,ACC-1124,Riverbend Works,mid_market,NA,New Logo,core,AE,,AE - Hugo Park,52000,Closed Lost,Omitted,2026-03-06,2026-07-15,2026-07-15,2026-07-15,2,True,In Progress,In Progress,Pricing review,True,False,Lost to Competitor,Competitor C,
OPP-7130,ACC-1266,Union Square Solutions,mid_market,NA,New Logo,core,Partner,Partner A,AE - Hugo Park,52000,Closed Lost,Omitted,2025-10-08,2026-04-17,2026-04-17,2026-04-17,3,True,N/A,Not Started,POC readout,True,False,Lost to Competitor,In-house build,
OPP-7131,ACC-1020,Cedar Valley Studio,small_business,NA,New Logo,core,Partner,Partner B,AE - Iris Bell,59000,Closed Lost,Omitted,2026-02-12,2026-08-16,2026-08-16,2026-08-16,5,True,Not Started,Not Started,,True,False,,In-house build,
OPP-7132,ACC-1399,Copper State Exchange,vertical_b,EMEA,New Logo,addon,AE,,AE - Klara Weiss,114000,4 - Business Case & Security Review,Best Case,2026-06-11,2026-12-05,2026-09-07,2026-09-26,3,True,Not Started,Complete,Legal redlines,False,False,,Competitor B,
OPP-7133,ACC-1185,Harborview Flow,vertical_a,NA,New Logo,addon,AE,,AE - Jon Reyes,212000,Closed Won,Closed,2025-11-20,2026-05-28,2026-05-28,2026-05-28,2,False,In Progress,Complete,Security questionnaire,True,True,,In-house build,
OPP-7134,ACC-1335,Highland Corp,upper_mid_market,NA,New Logo,core,AE,,AE - Hugo Park,125000,Closed Lost,Omitted,2026-04-27,2026-08-17,2026-08-17,2026-08-17,4,False,In Progress,In Progress,,True,False,Lost to Competitor,Competitor B,
OPP-7135,ACC-1314,Copper State Studio,small_business,NA,Expansion,core,Partner,Partner D,AE - Jon Reyes,12000,3 - Technical Validation,Best Case,2026-08-15,2026-12-06,2026-08-27,2026-09-13,1,True,In Progress,Not Started,,False,False,,Competitor B,
OPP-7136,ACC-1096,Evergreen Mutual,adjacent,EMEA,New Logo,addon,AE,,AE - Liam Byrne,33000,Closed Lost,Omitted,2025-10-18,2026-02-01,2026-02-01,2026-02-01,7,True,In Progress,In Progress,Legal redlines,True,False,Price,In-house build,
OPP-7137,ACC-1015,Cedar Valley Co,small_business,NA,New Logo,core,Partner,,AE - Jon Reyes,47000,Closed Lost,Omitted,2025-10-06,2025-12-13,2025-12-13,2025-12-13,4,True,In Progress,Complete,POC readout,True,False,Price,None known,
OPP-7138,ACC-1435,Clearwater Exchange,vertical_b,EMEA,New Logo,addon,AE,,AE - Liam Byrne,110000,Closed Lost,Omitted,2025-10-18,2026-01-10,2026-01-10,2026-01-10,1,True,Not Started,Complete,POC readout,True,False,Security / Compliance Blocker,In-house build,
OPP-7139,ACC-1115,Pinecrest Exchange,vertical_b,NA,New Logo,addon,AE,,AE - Jon Reyes,38000,Closed Lost,Omitted,2025-12-01,2026-05-25,2026-05-25,2026-05-25,3,False,Not Started,Complete,Exec alignment call,True,False,Integration Effort,Competitor C,
OPP-7140,ACC-1281,Redwood Studio,small_business,NA,Expansion,addon,Partner,Partner A,AE - Jon Reyes,32000,Closed Lost,Omitted,2025-10-04,2025-12-23,2025-12-23,2025-12-23,2,False,Not Started,Not Started,POC readout,True,False,Lost to Competitor,Competitor B,
OPP-7141,ACC-1341,Pinecrest Industries,upper_mid_market,EMEA,New Logo,core,AE,,AE - Klara Weiss,111000,Closed Lost,Omitted,2026-02-16,2026-07-07,2026-07-07,2026-07-07,3,False,In Progress,Complete,Security questionnaire,True,False,No Decision / Status Quo,In-house build,
OPP-7142,ACC-1188,Crescent Media,vertical_c,NA,New Logo,addon,AE,,AE - Hugo Park,84000,Closed Lost,Omitted,2025-11-18,2026-02-04,2026-02-04,2026-02-04,4,True,Passed,In Progress,Security questionnaire,True,False,Price,Competitor C,
OPP-7143,ACC-1340,Silverline Co,small_business,NA,New Logo,core,Partner,Partner D,AE - Jon Reyes,22000,5 - Negotiate & Contract,Best Case,2026-07-04,2026-09-16,2026-09-25,2026-09-28,6,True,N/A,Complete,Legal redlines,False,False,,None known,
OPP-7144,ACC-1315,Oakmont Stack,vertical_a,EMEA,New Logo,addon,AE,,AE - Liam Byrne,86000,3 - Technical Validation,Best Case,2026-04-30,2026-09-14,2026-09-17,2026-09-06,7,False,Not Started,Not Started,Legal redlines,False,False,,In-house build,
OPP-7145,ACC-1308,Clearwater Corp,upper_mid_market,NA,Expansion,addon,AE,,AE - Grace Tan,68000,Closed Lost,Omitted,2026-02-15,2026-06-26,2026-06-26,2026-06-26,2,True,N/A,In Progress,Legal redlines,True,False,Price,Competitor A,
OPP-7146,ACC-1082,Silverline Hub,vertical_b,NA,New Logo,addon,AE,,AE - Hugo Park,85000,Closed Lost,Omitted,2025-11-13,2026-01-18,2026-01-18,2026-01-18,4,False,N/A,Complete,POC readout,True,False,Security / Compliance Blocker,None known,
OPP-7147,ACC-1122,Sterling Flow,vertical_a,NA,New Logo,addon,AE,,AE - Jon Reyes,216000,Closed Lost,Omitted,2026-03-16,2026-06-23,2026-06-23,2026-06-23,3,True,Passed,In Progress,POC readout,True,False,Price,Competitor A,
OPP-7148,ACC-1415,Northgate Studio 41,small_business,NA,New Logo,addon,Partner,Partner B,AE - Hugo Park,29000,Closed Won,Closed,2025-10-05,2026-03-10,2026-03-10,2026-03-10,6,True,In Progress,Not Started,,True,True,,Competitor C,
OPP-7149,ACC-1009,Sterling Hub,vertical_b,LATAM,New Logo,addon,AE,,AE - Nico Duarte,95000,5 - Negotiate & Contract,Best Case,2026-07-08,2026-10-10,2026-08-24,2026-09-29,3,False,Not Started,Complete,Legal redlines,False,False,,In-house build,
OPP-7150,ACC-1054,Northgate Labs,small_business,NA,New Logo,core,Partner,Partner D,AE - Jon Reyes,56000,Closed Lost,Omitted,2025-12-02,2026-04-22,2026-04-22,2026-04-22,7,False,In Progress,In Progress,Legal redlines,True,False,Price,Competitor B,
OPP-7151,ACC-1390,Pinecrest Corp,upper_mid_market,NA,New Logo,addon,AE,,AE - Iris Bell,207000,3 - Technical Validation,Best Case,2026-06-30,2026-12-10,2026-08-27,2026-09-19,5,True,Not Started,Not Started,Legal redlines,False,False,,Competitor A,
OPP-7152,ACC-1252,Keystone Labs,small_business,NA,New Logo,core,AE,,AE - Grace Tan,37000,4 - Business Case & Security Review,Best Case,2026-06-03,2026-08-09,2026-09-15,2026-09-13,5,False,Not Started,Complete,Pricing review,False,False,,None known,
OPP-7153,ACC-1049,Summit Ridge Labs,small_business,NA,New Logo,addon,Partner,Partner A,AE - Grace Tan,34000,Closed Won,Closed,2025-11-19,2026-04-25,2026-04-25,2026-04-25,3,True,In Progress,Complete,Exec alignment call,True,True,,Competitor C,
OPP-7154,ACC-1038,Blue Mesa Works,mid_market,NA,Expansion,addon,AE,,AE - Jon Reyes,19000,5 - Negotiate & Contract,Commit,2026-04-04,2026-07-30,2026-08-24,2026-09-23,4,True,N/A,In Progress,,False,False,,None known,
OPP-7155,ACC-1029,Sterling Partners,upper_mid_market,EMEA,New Logo,core,AE,,AE - Klara Weiss,93000,Closed Lost,Omitted,2025-11-18,2026-02-23,2026-02-23,2026-02-23,6,False,In Progress,Complete,Pricing review,True,False,Security / Compliance Blocker,None known,
OPP-7156,ACC-1346,Arbor Corp,upper_mid_market,NA,New Logo,core,AE,,AE - Iris Bell,293000,Closed Lost,Omitted,2026-02-25,2026-09-07,2026-09-07,2026-09-07,4,True,In Progress,In Progress,Security questionnaire,True,False,,None known,
OPP-7157,ACC-1368,Tidewater Co,small_business,NA,Expansion,core,Partner,Partner B,AE - Hugo Park,18000,Closed Lost,Omitted,2026-01-07,2026-05-10,2026-05-10,2026-05-10,1,True,Passed,Not Started,Pricing review,True,False,No Decision / Status Quo,Competitor A,
OPP-7158,ACC-1038,Blue Mesa Works,mid_market,NA,Expansion,addon,AE,,AE - Grace Tan,20000,2 - Discovery,Pipeline,2026-08-18,2027-01-04,2026-09-23,2026-09-30,3,False,Not Started,Not Started,POC readout,False,False,,In-house build,
OPP-7159,ACC-1133,Tidewater Industries,upper_mid_market,NA,New Logo,addon,AE,,AE - Hugo Park,138000,Closed Lost,Omitted,2025-10-29,2025-12-31,2025-12-31,2025-12-31,1,True,In Progress,Not Started,Pricing review,True,False,Price,Competitor B,
OPP-7160,ACC-1038,Blue Mesa Works,mid_market,NA,Expansion,addon,Partner,Partner C,AE - Iris Bell,34000,Closed Won,Closed,2026-03-29,2026-09-05,2026-09-05,2026-09-05,1,True,Passed,In Progress,Security questionnaire,True,True,,Competitor C,
OPP-7161,ACC-1378,Silverline Systems,mid_market,NA,New Logo,addon,AE,,AE - Grace Tan,69000,Closed Won,Closed,2025-12-30,2026-07-16,2026-07-16,2026-07-16,7,False,Passed,Not Started,,True,True,,Competitor A,
OPP-7162,ACC-1294,Stonebridge Market,vertical_b,NA,New Logo,addon,AE,,AE - Iris Bell,148000,2 - Discovery,Pipeline,2026-08-17,2027-02-27,2026-09-14,2026-09-26,3,True,Not Started,Not Started,Pricing review,False,False,,Competitor B,
OPP-7163,ACC-1049,Summit Ridge Labs,small_business,NA,New Logo,core,AE,,AE - Hugo Park,44000,3 - Technical Validation,Best Case,2026-06-09,2026-12-17,2026-08-09,2026-09-06,7,True,N/A,Not Started,Exec alignment call,False,False,,Competitor B,
OPP-7164,ACC-1299,Evergreen Cloud,vertical_a,EMEA,New Logo,addon,AE,,AE - Liam Byrne,193000,3 - Technical Validation,Best Case,2026-04-19,2026-09-24,2026-08-07,2026-09-28,4,False,Not Started,Not Started,Legal redlines,False,False,,In-house build,
OPP-7165,ACC-1262,Lakeshore Media,vertical_c,LATAM,New Logo,addon,AE,,AE - Nico Duarte,116000,5 - Negotiate & Contract,Best Case,2026-04-28,2026-10-24,2026-08-08,2026-09-29,3,False,Not Started,Complete,Exec alignment call,False,False,,Competitor C,
OPP-7166,ACC-1018,Copper State Live,vertical_c,NA,New Logo,addon,AE,,AE - Iris Bell,196000,Closed Lost,Omitted,2026-04-30,2026-07-14,2026-07-14,2026-07-14,5,True,Passed,Not Started,Security questionnaire,True,False,Price,Competitor C,
OPP-7167,ACC-1421,Bayfront Works,mid_market,NA,New Logo,core,AE,,AE - Hugo Park,59000,4 - Business Case & Security Review,Best Case,2026-05-03,2026-11-11,2026-08-23,2026-09-19,2,True,Passed,In Progress,POC readout,False,False,,In-house build,
OPP-7168,ACC-1008,Falcon Stack,vertical_a,NA,New Logo,addon,AE,,AE - Grace Tan,90000,Closed Lost,Omitted,2026-04-23,2026-07-31,2026-07-31,2026-07-31,7,True,In Progress,In Progress,Pricing review,True,False,Lost to Competitor,None known,
OPP-7169,ACC-1141,Sterling Corp,upper_mid_market,NA,New Logo,addon,AE,,AE - Jon Reyes,130000,Closed Lost,Omitted,2026-03-07,2026-07-15,2026-07-15,2026-07-15,7,True,Not Started,In Progress,Exec alignment call,True,False,Lost to Competitor,Competitor A,
OPP-7170,ACC-1210,Harborview Holdings,enterprise,EMEA,New Logo,core,AE,,AE - Klara Weiss,781000,Closed Lost,Omitted,2025-11-20,2026-04-05,2026-04-05,2026-04-05,2,False,In Progress,Not Started,,True,False,Lost to Competitor,Competitor B,
OPP-7171,ACC-1239,Cedar Valley Stack,vertical_a,NA,New Logo,addon,AE,,AE - Jon Reyes,96000,Closed Lost,Omitted,2025-10-27,2026-04-09,2026-04-09,2026-04-09,5,True,Not Started,Not Started,Exec alignment call,True,False,Price,Competitor B,
OPP-7172,ACC-1404,Northgate Network,vertical_b,EMEA,New Logo,addon,AE,,AE - Liam Byrne,47000,Closed Won,Closed,2026-01-12,2026-05-14,2026-05-14,2026-05-14,7,False,Not Started,Not Started,Pricing review,True,True,,Competitor A,
OPP-7173,ACC-1072,Ironwood Works,mid_market,NA,Expansion,core,AE,,AE - Jon Reyes,29000,Closed Lost,Omitted,2026-02-01,2026-06-23,2026-06-23,2026-06-23,4,False,In Progress,In Progress,Legal redlines,True,False,Price,Competitor A,
OPP-7174,ACC-1434,Riverbend Partners,upper_mid_market,NA,New Logo,addon,AE,,AE - Grace Tan,137000,Closed Lost,Omitted,2025-10-27,2026-04-23,2026-04-23,2026-04-23,6,True,In Progress,In Progress,Security questionnaire,True,False,Build In-House,Competitor C,
OPP-7175,ACC-1310,Riverbend Cloud,vertical_a,NA,New Logo,addon,AE,,AE - Hugo Park,167000,Closed Lost,Omitted,2025-12-24,2026-02-25,2026-02-25,2026-02-25,2,False,N/A,Complete,POC readout,True,False,Price,In-house build,
OPP-7176,ACC-1278,Copper State Co,small_business,NA,New Logo,core,AE,,AE - Hugo Park,25000,Closed Won,Closed,2025-11-27,2026-04-13,2026-04-13,2026-04-13,5,True,N/A,In Progress,Exec alignment call,True,True,,Competitor B,
